"グループ名","平均フォロワー数","メンバー数","","グループ名","フォロワー数最大/最小","メンバー数","","グループ名","平均ツイート数","メンバー数"
"ZOC","178646.4","5","","FanCy-","717.3116279069767","4","","TJ(トーンジュエル)","63528.5","2"
"sherbet","161109.4","5","","Chick-flick","210.32530120481928","5","","ラストクエスチョン","55557.5","2"
"MM","123047.5","2","","mignon","183.84674922600618","3","","アイシェリング","52650","2"
"#2i2","122701.5","4","","fairy☆dolls","129.72767857142858","6","","APOKALIPPPS","48650.333333333336","6"
"i☆Ris","112095.6","5","","POMÜM","109.99111111111111","8","","真説・真赤金伝説","47191.5","2"
"twinpale","99216","2","","APOKALIPPPS","92.37225042301185","6","","なんちゃらアイドル","46580.5","2"
"26時のマスカレイド","93287","5","","Re:verie","79.00153139356814","5","","TA女子","43195.8","5"
"#ババババンビ","81914.14285714286","7","","刹那的アナスタシア","71.86405959031657","5","","GRATIA-ALA","37489.666666666664","3"
"バンドじゃないもん！MAXX NAKAYOSH","76448.66666666667","6","","あげもん！","68.97823303457106","8","","めにぱら","37391.2","5"
"きゅるりんってしてみて","69974.4","5","","Neat.and.clean-ニトクリ-","68.95495495495496","8","","no concept","37235.333333333336","3"
"まねきケチャ","67196.4","5","","ヱンデ","66.9950495049505","4","","Sinquacious_","36933.666666666664","3"
"EMPiRE","57853","6","","#えぐる","66.54485049833887","6","","FES☆TIVE","36898.2","5"
"わーすた","55698.8","5","","SAISON","64.27352472089314","5","","BANZAI JAPAN","35728","21"
"夜光性アミューズ","53743.4","5","","東京セラフィム","54.67811158798283","5","","Will Never Stop","34570","2"
"mignon","53395","3","","キプリスモルホォ","53.61632653061225","6","","notall","34478.4","5"
"じゅじゅ","51100.5","4","","innes","53.141993957703924","6","","百鬼乙女","34216","4"
"神宿","49444.75","4","","ギルドロップス","52.91171171171171","5","","sherbet","33952.2","5"
"HO6LA","48712.166666666664","6","","ビビッと！バビディブ～","52.34537246049661","5","","虹色の飛行少女","33841.166666666664","6"
"虹色の飛行少女","44916.333333333336","6","","フラミングの法則","51.81088560885609","5","","TEN6","33000.5","2"
"SAISON","42237.8","5","","ミスティア","50.59703703703704","6","","ドールインサートデスマスク","32680.5","2"
"BiS","42175.25","4","","虹色幻想曲 〜プリズム・ファンタジア","49.662460567823345","9","","FaM","31162","3"
"Chameleon Republic","41292","4","","ミカワガールズ(仮)","49.55555555555556","5","","MM","29943.5","2"
"PARADISES","40761.833333333336","6","","MiSTY MORE","45.27272727272727","4","","FEAM","29616.5","4"
"APOKALIPPPS","39033.5","6","","最後の晩餐","44.79857819905213","11","","バンドじゃないもん！MAXX NAKAYOSH","29343.333333333332","6"
"FanCy-","38830.75","4","","らぺ〜しゅ","44.45205479452055","6","","虹色幻想曲 〜プリズム・ファンタジア","29320.222222222223","9"
"ゑんら","35595","3","","Buddha TOKYO","44.14736842105263","5","","Tri-Sphere","28965.75","4"
"GO TO THE BEDS","35110","4","","sherbetNEO","43.75941422594142","8","","predia","28410.333333333332","6"
"シュレーディンガーの犬","33725.666666666664","6","","虹のコンキスタドール","43.65875109938435","14","","cana÷biss","28323.6","5"
"虹のコンキスタドール","31123.285714285714","14","","アルカナビス","41.86486486486486","6","","#2i2","28075.5","4"
"PassCode","31078","4","","エラバレシ","40.795831725202625","7","","きみぷり","27633","2"
"シンデレラ宣言！","30382.571428571428","7","","HO6LA","40.650886339937436","6","","めろん畑a go go","27179.6","5"
"フィロソフィーのダンス","29153.75","4","","晴天の霹靂","40.625","4","","民族ハッピー組","26810.571428571428","7"
"転校少女*","28337.5","4","","Kyoto flavor","40.40909090909091","5","","OMNI666","26374","4"
"FES☆TIVE","25931.8","5","","HINAGIKU","40.22265625","5","","Asterisk*zero","26333.5","6"
"predia","25683.5","6","","キューっと！センチめんたる","39.892857142857146","5","","Peel the Apple","25669.25","8"
"我儘ラキア","24159","4","","iLiFE!","38.69582245430809","7","","セカイシティ","25503.333333333332","3"
"WAgg","23761.2","5","","天空のシラバス","38.36184210526316","6","","ATLEPY","25228.6","5"
"フラミングの法則","22179.8","5","","BüDGE","36.71186440677966","5","","HIGH SPIRITS","25168.6","10"
"ナナランド","22035.285714285714","7","","アフィシャナドゥ","35.55357142857143","7","","神風センセーション","24857.5","2"
"ギルドロップス","21460.8","5","","OdAkEi IDOL PROJECT","34.57220412595005","7","","れんてつ","24313.75","4"
"PIGGS","21013.4","5","","＋Sugar.","34.56956521739131","5","","ぽけっとファントム","23947.6","5"
"エラバレシ","20995.571428571428","7","","ワッツ◎さーくる","31.766832917705734","10","","ゑんら","23876.666666666668","3"
"たけやま3.5","20864.333333333332","3","","ヤンチャン学園音楽部","31.412926391382406","8","","Menkoiガールズ","23204.8","5"
"パラディーク","20531.4","5","","PinkPanda","30.73913043478261","5","","STARMARIE","23036.8","5"
"のんふぃく！","19333","5","","Premony","30.3062015503876","3","","LAPINAILE","22933.5","2"
"ONE BY ONE","19028.714285714286","7","","シークレットシャノワール","29.40173410404624","5","","AIBECK","22407.5","6"
"メタモル!!!","19022.75","4","","Silly°Honey","28.982905982905983","5","","i☆Ris","22321","5"
"POMÜM","18837.5","8","","miao","28.507109004739338","10","","8princess","22205","2"
"LinQ","18782.875","8","","あわこい","28.476635514018692","5","","未完成リップスパークル","22090.333333333332","6"
"ASP","18590.4","5","","ワンチャンアリーナ","28.36883942766296","5","","空想世界","21776","3"
"神使轟く、激情の如く。","16996.666666666668","6","","BABY TO KISS","28.28240740740741","5","","フィロソフィーのダンス","21591","4"
"純情のアフィリア","16043.25","8","","I’mew","27.780068728522338","5","","大阪☆春夏秋冬","21461.6","5"
"BLACKNAZARENE","15986","6","","LinQ","27.56609547123623","8","","Lovelys","21440","2"
"BOCCHI。","15945.857142857143","7","","転校少女*","27.353863381858904","4","","CASS1E","21297.5","4"
"なんちゃらアイドル","15615.5","2","","てぃあむ","26.923076923076923","6","","棘-おどろ-","21261.25","4"
"Chick-flick","15327","5","","パラディーク","26.87557603686636","5","","せのしすたぁ","21222","2"
"愛乙女☆DOLL","15317.857142857143","7","","放課後プリンセス","25.935153583617748","6","","Lion net girl","21161.75","4"
"elsy","15201.5","4","","必殺エモモモモ7","25.90308370044053","5","","ニコニコ♡LOVERS","21086.6","5"
"真っ白なキャンバス","14909.285714285714","7","","LOVE CCiNO","25.524122807017545","6","","DREAMING MONSTER","21007.875","8"
"アンスリューム","14736","4","","西金沢少女団","25.239852398523986","9","","ふぇありーているず！","20787.571428571428","7"
"Ange☆Reve","14570","5","","向日葵プリンセス","25.055238095238096","9","","神使轟く、激情の如く。","20694.333333333332","6"
"JamsCollection","14330.555555555555","9","","8ack8eat","24.294642857142858","3","","始発待ちアンダーグラウンド","20433.666666666668","3"
"chuLa","14056.5","8","","BLACKNAZARENE","23.851154529307284","6","","Dolly Kiss","20335.6","5"
"Lily of the valley","13964.4","5","","＆シンフィニティ","23.72772277227723","5","","We=MUKASHIBANASHI","20312","4"
"Re:verie","13867.6","5","","衛星とカラテア","23.503937007874015","5","","転校少女*","20013.5","4"
"Peel the Apple","13802.875","8","","妄想メリケンサックチョコレート","21.387096774193548","6","","SOMOSOMO","19868.166666666668","6"
"sherbetNEO","13287","8","","ZOC","20.994226692526272","5","","わーすた","19830.6","5"
"Yamakatsu","13209","4","","dela","20.92452830188679","13","","シュレーディンガーの犬","19776.5","6"
"Lovelys","12926","2","","NEMURIORCA","20.890350877192983","7","","Luce Twinkle Wink","19589.6","5"
"notall","12812.4","5","","にっぽんワチャチャ","20.67096018735363","6","","the mishmash","19545.25","4"
"OdAkEi IDOL PROJECT","12706.857142857143","7","","藍色アステリズム","20.08764940239044","7","","BOCCHI。","19306.14285714286","7"
"Pimm’s","12477","6","","シュレーディンガーの犬","20.086856425282544","6","","CLIPCLIP","19170","3"
"アキシブproject","12473.666666666666","6","","ブリオガジャ","19.530864197530864","5","","Ange☆Reve","18928.8","5"
"ネコプラ mom.","12333.166666666666","6","","MAPA","19.468131868131866","4","","littlemore.","18904.166666666668","6"
"MAPA","12199","4","","夢みるアドレセンス","19.434369602763386","7","","CANDY GO!GO!","18838.428571428572","7"
"虹色幻想曲 〜プリズム・ファンタジア","12175.333333333334","9","","ネコプラ mom.","19.42325581395349","6","","PARADISES","18646.166666666668","6"
"放課後プリンセス","12091.666666666666","6","","HIGH SPIRITS","19.286956521739132","10","","愛乙女☆DOLL","18360.428571428572","7"
"煌めき☆アンフォレント","11580.166666666666","6","","JamsCollection","19.283591944536152","9","","COLOR'z","18010.666666666668","6"
"仮面女子 - スチームガールズ","11301.857142857143","7","","iSPY","18.739837398373982","6","","XOXO EXTREME","17626","4"
"Dolly Kiss","11115","5","","BLK LiLiY","18.637602179836513","3","","ピューパ!!","17524.666666666668","3"
"2o Love to Sweet Bullet","11106","4","","さくらシンデレラ","18.194444444444443","11","","Teen’sHeaven","17422","3"
"bob up.","10909.333333333334","3","","アステリア","17.77654867256637","8","","＋Sugar.","17354.2","5"
"アンダービースティー","10752.333333333334","6","","P-Loco","17.33862433862434","10","","PLEVAIL","17287.75","4"
"BLK LiLiY","10650.333333333334","3","","天使にはなれない","17.336905559276623","7","","泡沫シークレット","17082.25","4"
"手羽先センセーション","10441.2","5","","BANZAI JAPAN","17.010563380281692","21","","PUNKY RAD PINK","16996.8","5"
"ミームトーキョー","10113.333333333334","6","","MADMAO","16.892255892255893","5","","【eN】","16950.666666666668","6"
"MIRAI☆FLEET","9989.8","5","","MateRiaL","16.740554156171285","6","","プリズムハート","16822.75","4"
"Luce Twinkle Wink","9859.4","5","","GALS","16.386363636363637","4","","代代代","16810.75","4"
"iLiFE!","9797.285714285714","7","","ささやきクリニック","16.277904328018224","4","","神薙ラビッツ","16808.85714285714","7"
"民族ハッピー組","9768.57142857143","7","","令和華伝","16.02479892761394","4","","Chick-flick","16699.4","5"
"花いろは","9702.8","5","","PIGGS","15.961881942931823","5","","SEVEN4","16641.454545454544","11"
"仮面女子 - イースターガールズ","9671.4","5","","Pimm’s","15.888375673595073","6","","Finally","16625.333333333332","6"
"大阪☆春夏秋冬","9569.4","5","","Azatoi","15.788079470198676","3","","アキシブproject","16597.166666666668","6"
"ワールズエンド。","9569","5","","【eN】","15.722306525037936","6","","OBP","16560.166666666668","6"
"仮面女子 - アーマーガールズ","9507.2","5","","bob up.","15.672881355932203","3","","純情のアフィリア","16275","8"
"天使にはなれない","9492.285714285714","7","","虹色の飛行少女","15.497117998912453","6","","なないろ∞ミルキーウェイ","16148.875","8"
"スリジエ：星組","9192.625","8","","蓋然性オルトイズム","15.315254237288135","9","","エレクトリックリボン","15886.666666666666","3"
"MELT","9162.57142857143","7","","ハニースパイスRe.","15.043027888446215","7","","MOGA","15770.666666666666","3"
"#LOG1N","9150.6","5","","SAY-LA","14.975098296199214","8","","夜光性アミューズ","15534.2","5"
"New ruru","9118.5","2","","SeedS/PISTIL","14.97420634920635","5","","XPLACE","15405.75","4"
"MEWM","9070.833333333334","6","","真っ白なキャンバス","14.590009425070688","7","","イタズラJOKER","15398.333333333334","6"
"Appare!","8917.42857142857","7","","Jewel☆Rouge","14.566820276497696","6","","パピプペポは難しい","15242.833333333334","6"
"スイーツメロディ","8855","2","","民族ハッピー組","14.40734949179046","7","","プリアモ","15155.4","5"
"マジカル・パンチライン","8665.2","5","","［PUZZLE.］","14.110444177671068","4","","リトスタ！","15089","3"
"TiiiMO","8654.4","5","","プリズムハート","14.02676399026764","4","","錬日oTo個色運営","15059.857142857143","7"
"アイロボ","8642","5","","ONE BY ONE","13.966226912928759","7","","月に足跡を残した6人の少女達は一体何を見たのか...","15007.166666666666","6"
"PiXMiX","8556.4","5","","Milky✳︎Sphene","13.913165266106443","6","","アルカナビス","14957.166666666666","6"
"MIGMA SHELTER","8509.5","6","","ColorfliC","13.9125","6","","MIRAI☆FLEET","14917.6","5"
"lyrical school","8408.8","5","","AMOUR","13.793478260869565","7","","Yamakatsu","14792","4"
"クマリデパート","8376.833333333334","6","","Sekaisen","13.763076923076923","7","","じゅじゅ","14787.25","4"
"リルネード","8293","3","","ミームトーキョー","13.744290192566055","6","","サンスポアイドルリポーターSIR","14767.5","8"
"刹那的アナスタシア","8208.2","5","","husky","13.606965174129353","7","","Pretty Ash","14695.5","6"
"Payrin's","8206","4","","花いろは","13.269754768392371","5","","Pimm’s","14653.166666666666","6"
"スリジエWEST：天組","8181","4","","リトスタ！","13.246653919694072","3","","エラバレシ","14497.57142857143","7"
"スリジエWEST：雲組","8176.5","2","","レイドロイド","13.192551505546751","6","","晴天の霹靂","14426.75","4"
"ヤなことそっとミュート","8152","4","","KRD8","13.166374781085814","8","","悩殺❤︎アフタービート","14382.333333333334","3"
"ミスティア","8126.5","6","","Sistersあにま","13.153956834532375","10","","POPPiNG EMO","14341.5","4"
"TENRIN","8088.166666666667","6","","ドリ☆ステ","13.148148148148149","6","","じーくらむ！","14337.333333333334","6"
"mai mai","8070.4","5","","MIRAI☆FLEET","13.129765886287625","5","","プランクスターズ","14324.6","5"
"仮面女子 - アリス十番","7996.5","6","","わんふぁす！","13.088353413654618","5","","イケてるハーツ","14305.666666666666","9"
"NEO JAPONISM","7798","5","","レプスルプス","13.042780748663102","4","","Chameleon Republic","14292","4"
"あげもん！","7659.375","8","","ふぇありーているず！","12.902887139107612","7","","愛夢GLTOKYO","14260.5","4"
"せのしすたぁ","7590.5","2","","ネモフィラ新世界","12.870056497175142","6","","RiNCENT.","14244","4"
"スリジエ：宙組","7533.666666666667","9","","はにーきゃんぱす","12.521505376344086","5","","おはよう！もきゅれーしょん","14183.5","4"
"ニコニコ♡LOVERS","7505.4","5","","OS☆K","12.51","11","","純粋カフェラッテ","14120.666666666666","6"
"JAPANARIZM","7504.4","5","","CURTiA","12.367521367521368","5","","INFIY∞","14026","5"
"なんキニ！","7492.714285714285","7","","純粋カフェラッテ","12.304812834224599","6","","MyDearDarlin'","14024.25","8"
"夢みるアドレセンス","7407","7","","Dolly Kiss","12.163174166952937","5","","JAPANARIZM","13907.6","5"
"令和華伝","7330","4","","煌めき☆アンフォレント","12.136752136752136","6","","ハチャメチャ声優ユニット STEM","13891.25","4"
"JYA☆PON","7159.444444444444","9","","ゆるっと革命団","11.93717277486911","7","","神宿","13883.25","4"
"COLORLESS","7155","5","","アルテミスの翼","11.929672447013488","6","","アンダービースティー","13867.666666666666","6"
"ワッツ◎さーくる","7147.8","10","","Elber","11.918781725888325","4","","THE ORGANICS","13714.5","2"
"CANDY GO!GO!","7135.857142857143","7","","sherbet","11.87675436801833","5","","MELT","13528","7"
"ささやきクリニック","6719.5","4","","ほーむたいがー","11.87218045112782","6","","26時のマスカレイド","13471.8","5"
"アクアノート","6649","4","","キャンディzoo","11.799648506151142","5","","アライブとレイニー","13446.333333333334","3"
"スリジエ：月組","6562.833333333333","6","","Melodic Mellow","11.734234234234235","4","","放課後プリンセス","13200.833333333334","6"
"プランクスターズ","6552.8","5","","東京メロディック23’","11.734234234234235","6","","さよならステイチューン","13029.8","5"
"CYNHN","6519.75","4","","CHEQUEMATE ","11.732824427480915","5","","ICE-ink","12950.25","4"
"キューっと！センチめんたる","6434.6","5","","セカイシティ","11.706140350877194","3","","99%LOVER","12684.333333333334","3"
"LOVE CCiNO","6425.333333333333","6","","蜜兎","11.70063025210084","4","","究極人形","12665.25","8"
"ルルネージュ","6406.2","5","","Chameleon Republic","11.685544945670069","4","","きみとぼくの革命","12650","3"
"まなみのりさ","6277.333333333333","3","","青空のプラネタリウム","11.666666666666666","6","","Re:verie","12641.6","5"
"メイビーME","6221.571428571428","7","","リトルネコ","11.66","4","","BLK LiLiY","12583","3"
"藍色アステリズム","6163.857142857143","7","","LOVE SPEARS","11.506646971935007","5","","LEIWAN","12572.75","4"
"ハニースパイスRe.","6116.428571428572","7","","IDOL★ST∀R MINE","11.5","5","","テラス×テラス","12478.125","8"
"ビビッと！バビディブ～","6082.8","5","","KATACOTO＊BANK","11.412181303116148","8","","たけやま3.5","12158.666666666666","3"
"RepiDoll","6081","5","","PUNKY RAD PINK","11.345172031076581","5","","感覚ロヂック","12085.4","5"
"さよならステイチューン","5995.4","5","","フルーティー♡","11.306666666666667","9","","エレファンク庭","12039","4"
"ぜんぶ君のせいだ。","5906.285714285715","7","","AQUA PLANET","11.306122448979592","7","","天空のシラバス","12037.333333333334","6"
"THE ORCHESTRA TOKYO","5836.2","5","","COLOR'z","11.264150943396226","6","","CALL MY NAME","11948.285714285714","7"
"風男塾","5835.333333333333","6","","サンスポアイドルリポーターSIR","11.250871080139373","8","","Parasite.Kiss","11883.666666666666","6"
"道玄坂69","5830","4","","じゅじゅ","11.210051450301991","4","","ささやきクリニック","11836.5","4"
"Premony","5783","3","","アイドルカレッジ","11.030219780219781","19","","SHIKASHI","11820.8","5"
"君のヤミは全部僕が背負う。","5718","3","","泡沫パーティーズ","11.010309278350515","4","","カンシャクノヒナ","11819.5","2"
"Chu-Z","5709","7","","もうめり","11","5","","Sistersあにま","11749.1","10"
"ワンチャンアリーナ","5682.4","5","","ネテルダイヤ","10.912052117263844","6","","令和華伝","11620.75","4"
"蓋然性オルトイズム","5658","9","","THE ORCHESTRA TOKYO","10.728517110266159","5","","なんキニ！","11604.142857142857","7"
"HIGH SPIRITS","5630","10","","アップアップガールズ（仮）","10.705284552845528","8","","仮面女子 - アリス十番","11539.166666666666","6"
"必殺♡りあるえすけーぷ","5626.166666666667","6","","戦国アニマル極楽浄土","10.658788774002954","7","","G'ASH","11530","5"
"アフィシャナドゥ","5607.571428571428","7","","必殺♡りあるえすけーぷ","10.61517797179315","6","","シブヤDOMINION","11503.166666666666","6"
"BenjaminJasmine","5560.5","4","","クレイビット","10.420353982300885","5","","とわる","11465.333333333334","3"
"i-COL","5551","2","","1ChanceYeahHoi","10.386819484240688","7","","gurumaid=tiara/ぐるティア","11426.166666666666","6"
"STAiNY","5539.571428571428","7","","Will Never Stop","10.358118361153263","2","","HO6LA","11355","6"
"no concept","5473","3","","More than wordz","10.357142857142858","6","","8FLAG","11338.42857142857","7"
"STARMARIE","5442","5","",".BPM","10.336886993603411","5","","白紙のリブート","11244.5","2"
"Jewel☆Rouge","5420.666666666667","6","","We=MUKASHIBANASHI","10.238888888888889","4","","FariaClown","11222.666666666666","6"
"MyDearDarlin'","5407.75","8","","Lion net girl","10.227882037533512","4","","くるーず〜CRUiSE!","11198.25","4"
"にっぽんワチャチャ","5386.666666666667","6","","NECRONOMIDOL","10.153846153846153","3","","Dan te Lion","11154","4"
"fairy☆dolls","5370.166666666667","6","","Aphrodite","10.148972602739725","6","","EMOE","11015","3"
"RiKKYY","5360.5","4","","ミニスカポリス","10.131799163179917","4","","PIGGS","10987.4","5"
"miscast","5359","4","","イロハサクラ","10.022900763358779","8","","あたまのなかは8ビット","10985.6","5"
"1UP","5353","4","","ATLEPY","9.922448979591836","5","","EVE","10828.5","4"
"ワンダーウィード 天","5334.2","5","","B▼DPiNK.","9.904684975767367","7","","九州女子翼","10795.25","4"
"MOGA","5322.666666666667","3","","MELT","9.878878504672898","7","","deeper²","10784.75","4"
"Sweet Alley","5321.714285714285","7","","シブヤDOMINION","9.828042328042327","6","","令名の和歌","10763.5","6"
"BABY TO KISS","5283","5","","XPLACE","9.771618625277162","4","","Lily of the valley","10705.4","5"
"FEAM","5282.5","4","","Cent Heaven","9.755555555555556","6","","JamsCollection","10603.111111111111","9"
"Niimo","5213","5","","may in film","9.738853503184714","4","","Lil na Valley","10521.25","4"
"未完成リップスパークル","5208.666666666667","6","","NAP","9.634538152610443","5","","劇場版ゴキゲン帝国∞","10509.5","4"
"Zsasz","5173.6","5","","われらがプワプワプーワプワ","9.621968616262482","5","","バブルバビデガム!!","10477.42857142857","7"
"サクヤコノハナ","5072","5","","Dear8","9.60393498716852","7","","大宮 I☆DOLL","10461.4","5"
"SOL","5071","5","","マジカル・パンチライン","9.51194968553459","5","","100-YOKAI","10452.8","5"
"RAY","5030.25","4","","On the treat Super Season","9.475888324873097","6","","仮面女子 - スチームガールズ","10446.142857142857","7"
"Chimo","4996.2","5","","あたし全部あげる。","9.45945945945946","3","","ElfinLily","10433.666666666666","3"
"READY TO KISS","4983.2","5","","SPECIAL CHEESE MENU","9.397590361445783","3","","くぴぽ","10415","5"
"Kolokol","4950.25","4","","ヤなことそっとミュート","9.393687707641195","4","","道玄坂69","10410","4"
"グデイ","4918","2","","Happink Lip Makeup","9.334736842105263","6","","TENRIN","10336.666666666666","6"
"PrincessGarden-姫庭-","4899.777777777777","9","","感覚ロヂック","9.26923076923077","5","","Buddha TOKYO","10277.2","5"
"PRSMIN","4851.6","5","","BABY-CRAYON〜1361〜","9.26458157227388","5","","MystericGirl","10237.2","5"
"ハープスター","4796.2","5","","Xmachina","9.2279792746114","3","","1ChanceYeahHoi","10227.42857142857","7"
"アルテミスの翼","4731.833333333333","6","","i+chip=memory","9.19949494949495","5","","フラミングの法則","10221.2","5"
"miao","4672.9","10","","テラス×テラス","9.180604982206406","8","","LOVE_IZ_DOLL","10188.4","5"
"［PUZZLE.］","4651.75","4","","ナナランド","9.163802978235967","7","","Aphrodite","10176.5","6"
"くるーず〜CRUiSE!","4650.25","4","","めにぱら","9.16150442477876","5","","Zenith Code","10154.5","2"
"NightOwl","4647.75","4","","INUWASI","9.062305295950155","6","","アイロボ","10134.8","5"
"レイドロイド","4618.5","6","","ポンコツコンポ","9.045112781954888","7","","仮面女子 - アーマーガールズ","10066.4","5"
"イケてるハーツ","4612.888888888889","9","","ギュギュっとねっ！？","9.01834862385321","3","","向日葵プリンセス","10014.777777777777","9"
"【eN】","4600","6","","8FLAG","9.00596421471173","7","","サクヤコノハナ","9965","5"
"#えぐる","4549.166666666667","6","","STARMARIE","8.95527950310559","5","","虹のコンキスタドール","9907.357142857143","14"
"神薙ラビッツ","4537.571428571428","7","","Rebellious","8.947169811320755","4","","ギルドロップス","9835.6","5"
"TA女子","4516.6","5","","MAGICAL SPEC","8.93034238488784","5","","#ババババンビ","9813.42857142857","7"
"BANZAI JAPAN","4512.285714285715","21","","BooN! BooN! BooooN","8.911290322580646","8","","Zsasz","9809","5"
"蜜兎","4506.5","4","","KittyCat","8.883544303797468","7","","シンメトリカルノ箒星*","9804.285714285714","7"
"SAKA-SAMA","4449","2","","綺星★フィオレナード","8.831697054698457","8","","Twinkle☆Stars","9787.57142857143","7"
"INUWASI","4423.666666666667","6","","きゅるりんってしてみて","8.82665143956242","5","","きゅん♡みっしょん","9777.75","4"
"わんふぁす！","4401.2","5","","手羽先センセーション","8.824625502374863","5","","P-Loco","9722.6","10"
"ViVian","4395.666666666667","3","","メイビーME","8.803191489361701","7","","B.K.S.N","9665","3"
"群青の世界","4390.4","5","","メルティハート","8.790697674418604","6","","8ack8eat","9660","3"
"SOMOSOMO","4333.666666666667","6","","愛乙女☆DOLL","8.777954847277556","7","","姫事絶対値","9640.8","5"
"テラス×テラス","4313.375","8","","Zsasz","8.775418994413409","5","","I＊BIS","9628","2"
"BABY-CRAYON〜1361〜","4303.2","5","","もどかしマーケッツ","8.724279835390947","5","","あたし全部あげる。","9625","3"
"8princess","4295.5","2","","永遠ヰスペクトル","8.721893491124261","3","","SAY-LA","9613","8"
"えくれあエクレット","4277.142857142857","7","","さよならステイチューン","8.715398442180947","5","","CYNHN","9602.75","4"
"LAPINAILE","4243","2","","エレクトリックリボン","8.67342582710779","3","","のんふぃく！","9549","5"
"PUNKY RAD PINK","4208.4","5","","RED-i","8.64691943127962","6","","TiiiMO","9545.4","5"
"B▼DPiNK.","4164.285714285715","7","","ぶらいと☆すとーりー","8.584905660377359","4","","caprice","9508.8","5"
"SAY-LA","4150.5","8","","純情のアフィリア","8.57854001759015","8","","elsy","9495.25","4"
"Jewel☆Neige","4147.125","8","","DREAMING MONSTER","8.52855543113102","8","","はにーきゃんぱす","9491.8","5"
"シークレットシャノワール","4141.4","5","","ドールインサートデスマスク","8.474193548387097","2","","#えぐる","9486.333333333334","6"
"AKIARIM","4127.833333333333","6","","みらくる☆ふぉーぜ","8.47239263803681","6","","ESTLINK☆","9374.666666666666","6"
"欲バリセンセーション","4123.5","4","","MEWM","8.452335005789271","6","","アルテミスの翼","9372.833333333334","6"
"クロスノエシス","4113.2","5","","１学期の前髪","8.447154471544716","5","","ギュギュっとねっ！？","9335.333333333334","3"
"Malcolm Mask McLaren","4113","4","","Chou2Precede","8.320512820512821","5","","MateRiaL","9323.666666666666","6"
"Devil ANTHEM.","4103","6","","emiu","8.317757009345794","2","","グデイ","9268","2"
"Gran☆Ciel","4064.6","5","","#ペンタプリズム","8.314225053078557","5","","夕凪プリズム","9127","5"
"COLOR'z","4062.1666666666665","6","","アンダービースティー","8.152503445107946","6","","ニコニコ♡STAGE","9123.8","5"
"buGG","4051.4285714285716","7","","神風センセーション","8.14766355140187","2","","もうめり","9058.8","5"
"XPLACE","4034.5","4","","ねこふわっち。","8.102827763496144","4","","結音 YUION","9034.4","5"
"ヤンチャン学園音楽部","4031.375","8","","忍者クライシス","8.062146892655367","6","","メルティハート","8950.833333333334","6"
"トキメロ","4009.6","5","","PRSMIN","8.052312357846853","5","","Fragrant Drive","8889.8","5"
"DREAMING MONSTER","3996.375","8","","仮面女子 - スチームガールズ","7.992065591113462","7","","BABY TO KISS","8873.8","5"
"#ジューロック","3979","11","","STAiNY","7.9864077669902915","7","","われらがプワプワプーワプワ","8845.4","5"
"エレクトリックリボン","3941.3333333333335","3","","ARIStoCRAT","7.858433734939759","3","","雨模様のソラリス","8841.8","5"
"＋Sugar.","3876.6","5","","Twinkle☆Stars","7.8081841432225065","7","","スリジエ：星組","8836","8"
"アイシェリング","3861.5","2","","Luce Twinkle Wink","7.793247344461305","5","","東京ぴ炎","8809.25","4"
"Lupinus　-ルピナス-","3859.5","4","","れんてつ","7.785714285714286","4","","あいたいね！","8805.5","2"
"I’mew","3821.4","5","","東京ぴ炎","7.775193798449612","4","","KRD8","8761.25","8"
"alma","3812.8","5","","TiiiMO","7.762463343108505","5","","RYUKYU IDOL","8726.166666666666","6"
"ヱンデ","3807.75","4","","#2i2","7.731816859995477","4","","Chu-Z","8721.42857142857","7"
"NECRONOMIDOL","3806.3333333333335","3","","瞬きもせず","7.6513671875","4","","Kyoto flavor","8718.8","5"
"りンね","3806.25","4","","#ワールドカオス","7.64828897338403","7","","ミカワガールズ(仮)","8668.6","5"
"めにぱら","3791.8","5","","1/fキュレーション","7.627450980392157","3","","PinkySpice","8667.833333333334","6"
"アイテムはてるてるのみ３","3790.7","10","","Symdolick","7.601246105919003","6","","buGG","8615.142857142857","7"
"綺星★フィオレナード","3772.625","8","","きっと、これが世界？","7.523809523809524","4","","OS☆U","8608.818181818182","11"
"Sistersあにま","3742.9","10","","Seloi","7.462025316455696","4","","紅葉学院","8558","4"
"Will Never Stop","3742.5","2","","READY TO KISS","7.4350086655112655","5","","STRAY SHEEP CLAYMORE","8518.333333333334","3"
"LEIWAN","3730.25","4","","メタモル!!!","7.400499375780274","4","","PrincessGarden-姫庭-","8480.777777777777","9"
"九州女子翼","3675","4","","My placious","7.4","4","","#ワールドカオス","8366.42857142857","7"
"瞬きもせず","3644.25","4","","Soiree brilliance","7.378486055776892","4","","もふる×クロス","8298.5","4"
"ザ・コインロッカーズ","3627.1","10","","アイロボ","7.307296689167471","5","","まなみのりさ","8288","3"
"戦国アニマル極楽浄土","3623.8571428571427","7","","8JEWEL","7.292237442922374","8","","MINGO!×MINGO!","8283.6","5"
"あたまのなかは8ビット","3608.4","5","","ESTLINK☆","7.268932038834952","6","","UPローチ","8278.4","5"
"君に、胸キュン。","3600.8333333333335","6","","BOCCHI。","7.2160294795025335","7","","必殺エモモモモ7","8274","5"
"YURiMental","3548.5","6","","シンデレラ宣言！","7.168696346576163","7","","CUBΣLIC","8249","4"
"月に足跡を残した6人の少女達は一体何を見たのか...","3526.6666666666665","6","","ポリシーなんてごんごどうだん！","7.084278768233387","3","","LUVネオガールズウェイブ","8224.5","4"
"アップアップガールズ（仮）","3523.375","8","","alma","7.058149058149058","5","","ViViBee","8212.111111111111","9"
"HOT DOG CAT","3515.8333333333335","6","","littlemore.","6.955263157894737","6","","Symdolick","8188","6"
"innes","3512.1666666666665","6","","WONDER SNAKE","6.938618925831202","3","","RED-i","8184.666666666667","6"
"衛星とカラテア","3504.2","5","","RUN WiTH YOU","6.895910780669145","5","","ぜんぶ君のせいだ。","8171.285714285715","7"
"サンダルテレフォン","3471","4","","RAY","6.877668308702791","4","","スイーツメロディ","8154","2"
"Finally","3446","6","","Lila Gray","6.870404411764706","4","","哀愁TOモメンタム","8153","4"
"シュガーノアール","3431.8","5","","かすみ草とステラ","6.837696335078534","6","","Premony","8116.666666666667","3"
"泡沫パーティーズ","3423.25","4","","会心ノ一撃","6.8144876325088335","4","","ほわいと☆ベガ","8075.6","5"
"littlemore.","3399","6","","ポスタルジア","6.805466237942122","4","","あすとろLAVENDER","8063","3"
"QUEENS","3392.3333333333335","6","","ゑんら","6.7937282884236225","3","","I MY ME MINE","8046.875","8"
"大宮 I☆DOLL","3392.2","5","","HAKUAKI","6.747706422018348","4","","Star☆T","8039.666666666667","12"
"われらがプワプワプーワプワ","3376.8","5","","負け犬とクズ","6.71356783919598","5","","Re_roll","7976","4"
"OS☆U","3373.5454545454545","11","","Lycoris Radiata","6.682042833607908","6","","One Side Game","7932","3"
"Kyoto flavor","3336.6","5","","イケてるハーツ","6.680321872713972","9","","Payrin's","7923.25","4"
"SeedS/PISTIL","3314.2","5","","Star☆T","6.674556213017752","12","","アイドルカレッジ","7885.736842105263","19"
"ぽけっとファントム","3301.4","5","","#PEXACOA","6.662269129287599","9","","ROSARIO＋CROSS","7871","5"
"Teen’sHeaven","3285.6666666666665","3","","ｖmate.- ちぇっくめいと -","6.650519031141869","5","","nuance","7869","4"
"MiiS","3276","4","","Spindle","6.647619047619048","3","","ポンコツコンポ","7834.571428571428","7"
"KRD8","3261.875","8","","カイジューバイミー","6.619136960600375","4","","i+chip=memory","7823","5"
"Asterisk*zero","3261","6","","FuMA","6.604651162790698","3","","SeedS/PISTIL","7799.8","5"
"東京セラフィム","3256.6","5","","CALL MY NAME","6.5968","7","","QUEENS","7772.666666666667","6"
"最後の晩餐","3215.818181818182","11","","シュガーノアール","6.5807962529274","5","","The Grateful a MogAAAz","7743.75","4"
"キプリスモルホォ","3177.1666666666665","6","","OMNI666","6.559633027522936","4","","ULTRA BUZZ","7736.666666666667","6"
"cana÷biss","3175.8","5","","ピコピコ☆レボリューション","6.532908704883227","6","","PANIC POP PARTY","7679","3"
"ラストクエスチョン","3172","2","","uncyclo","6.525179856115108","3","","シュガーノアール","7671.8","5"
"アイドルカレッジ","3154.157894736842","19","","#BEMYLOVE","6.524590163934426","3","","KAMISAMA-双-","7669.25","4"
"めろん畑a go go","3115.2","5","","アマテラス","6.492917847025495","2","","Chase×Chase","7661.5","2"
"Re_roll","3112.25","4","","PrincessGarden-姫庭-","6.466042154566745","9","","O'CHAWANZ","7660","2"
"ばたんキュン","3108.6","5","","CHERRY GIRLS PROJECT","6.441347270615563","6","","Good knight**","7645.25","4"
"#ペンタプリズム","3093.6","5","","僕のClove","6.423011844331641","5","","♯ビビデビート♭","7609.2","5"
"パピプペポは難しい","3075.3333333333335","6","","coboreru","6.382262996941896","7","","ViVian","7608.666666666667","3"
"nuance","3072","4","","ららぱれーど！","6.370909090909091","5","","ワンダーウィード 天","7552.2","5"
"Dear8","3068.8571428571427","7","","deeper²","6.368556701030927","4","","ELECTRIC JELLYFISH","7536.5","2"
"向日葵プリンセス","3064.6666666666665","9","","26時のマスカレイド","6.315148439482365","5","","最後の晩餐","7534.363636363636","11"
"ふぇありーているず！","3046.8571428571427","7","","明確BABY","6.312741312741313","2","","ルルネージュ","7530","5"
"KATACOTO＊BANK","3033","8","","どりーむらいず","6.260869565217392","3","","Next☆Rico","7513.714285714285","7"
"じーくらむ！","3032.5","6","","ひめもすオーケストラ","6.235991379310345","5","","アステリア","7461.875","8"
"AIBECK","3022.6666666666665","6","","FinalSelection","6.227450980392157","3","","明確BABY","7404","2"
"1ChanceYeahHoi","3006","7","","うたた寝シエスタ","6.175965665236052","4","","1UP","7376.5","4"
"ラブアグレッション","2992.6","5","","YUMEADO CiTRON","6.169811320754717","7","","ReverseTokyo","7374.333333333333","3"
"ラテラルアーク","2983.3333333333335","6","","ENCHANTE","6.1678321678321675","6","","あげもん！","7349.75","8"
"Fragrant Drive","2981.2","5","","アイテムはてるてるのみ３","6.155824508320726","10","","READY TO KISS","7338.2","5"
"ESTLINK☆","2978.1666666666665","6","","FLAPSTAR","6.1213235294117645","4","","ハニースパイスRe.","7336.142857142857","7"
"C;ON","2976.2","5","","まッ","6.079207920792079","3","","しえる♡de♡ね～じゅ","7306","5"
"リトスタ！","2975.6666666666665","3","","ブルーなままで","6.076487252124646","5","","ネモフィラ新世界","7282.833333333333","6"
"LUVネオガールズウェイブ","2969","4","","シンメトリカルノ箒星*","6.060475161987041","7","","Devil Angel","7271","2"
"MAGICAL SPEC","2951.4","5","","MAJESTIC MATES","6.04","4","","AKIARIM","7269.833333333333","6"
"ヒビコレ","2939.4","5","","the mishmash","6.032879818594104","4","","ちゅーちゅーりっぷ","7218.333333333333","3"
"ドールインサートデスマスク","2937","2","","ミラクルファンファーレ！","5.994871794871795","6","","ミニスカポリス","7208.5","4"
"タイトル未定","2896.4","5","","sui sui","5.989985693848355","4","","LiLii Kaona","7197","2"
"真説・真赤金伝説","2895.5","2","","One Side Game","5.985559566787003","3","","てぃんく♪","7186.6","5"
"Lila Gray","2867","4","","Girls Upright","5.9502762430939224","5","","I to U $CREAMing!!","7134.5","2"
"On the treat Super Season","2866.1666666666665","6","","コノサキモ隣ニ","5.870662460567823","3","","#がらぽん","7131.666666666667","3"
"ポリシーなんてごんごどうだん！","2863","3","","Payrin's","5.866935483870968","4","","代々木女子音楽院","7107.8","5"
"EVE","2856.25","4","","TENRIN","5.78999319264806","6","","bob up.","7106.666666666667","3"
"ニコニコ♡STAGE","2849.8","5","","Candy Cross","5.783645655877343","4","","Jewel☆Neige","7072.25","8"
"シャニムニ＝パレード","2847.25","8","","月に足跡を残した6人の少女達は一体何を見たのか...","5.775599128540305","6","","iLiFE!","7070.142857142857","7"
"Symdolick","2844.1666666666665","6","","高貴な絶対零度","5.7669172932330826","7","","パラディーク","7052.6","5"
"バブルバビデガム!!","2841.8571428571427","7","","ふるふるしっぽ？","5.762135922330097","5","","スリジエWEST：天組","7034","4"
"ゆめみどき","2824","3","","I MY ME MINE","5.743137254901961","8","","HOT DOG CAT","7021.5","6"
"アメフラっシ","2814","3","","三日月スナイパー","5.742268041237113","4","","Jewel☆Rouge","7015.833333333333","6"
"HelloYouth","2788.1666666666665","6","","OS☆U","5.739242685025817","11","","Paradox Risk","6995","4"
"うたた寝シエスタ","2788","4","","SEVEN4","5.699888017917133","11","","8WIZARD","6978.142857142857","7"
"代代代","2787.75","4","","TokyoStory","5.66497461928934","4","","仮面女子 - イースターガールズ","6967.2","5"
"8WIZARD","2781.1428571428573","7","","chuLa","5.648292065787095","8","","蓋然性オルトイズム","6943","9"
"サンスポアイドルリポーターSIR","2781","8","","#がらぽん","5.636986301369863","3","","きっと、これが世界？","6934","4"
"川崎純情小町","2772.75","4","","FEAM","5.636632200886263","4","","alma","6926.2","5"
"OBP","2746","6","","♯ビビデビート♭","5.631768953068592","5","","スリジエ：宙組","6868.777777777777","9"
"アステリア","2745.5","8","","RASCAL CLAN","5.631672597864768","7","","ヤなことそっとミュート","6843.5","4"
"ReverseTokyo","2715.6666666666665","3","","夢∞NITY","5.612641815235008","3","","藍色アステリズム","6829.285714285715","7"
"SEVEN4","2685.909090909091","11","","ルルネージュ","5.565953654188949","5","","メタモル!!!","6828.25","4"
"I MY ME MINE","2679.875","8","","Ange☆Reve","5.549693251533743","5","","LUNCH KIDS","6808.125","8"
"ElfinLily","2673","3","","民謡女子ハピネス組","5.527777777777778","2","","マジカル・パンチライン","6764.6","5"
"dela","2649.230769230769","13","","LUNCH KIDS","5.5092592592592595","8","","Chou2Precede","6763.8","5"
"いちぜん！","2618.1428571428573","7","","究極人形","5.446726572528883","8","","ナナランド","6724.428571428572","7"
"MateRiaL","2609.1666666666665","6","","きみとのワンダーランド","5.427083333333333","3","","BLACKNAZARENE","6689.833333333333","6"
"99%LOVER","2606","3","","W.","5.412037037037037","8","","lyrical school","6626.6","5"
"結音 YUION","2585.2","5","","PROTO PLOT","5.396929824561403","3","","シンデレラ宣言！","6609","7"
"てぃあむ","2572.1666666666665","6","","RiNCENT.","5.350582147477361","4","","ヒップバーン","6584.666666666667","3"
"キャンディzoo","2546.4","5","","#ZZZ","5.347150259067358","2","","シークレットシャノワール","6580.2","5"
"ミニスカポリス","2525.5","4","","PureGi(ぷれっぢ)","5.341538461538462","5","","LinQ","6555.75","8"
"HINAGIKU","2523.8","5","","アキシブproject","5.30053050397878","6","","ARIStoCRAT","6540.333333333333","3"
"アライブとレイニー","2504","3","","cana÷biss","5.293981481481482","5","","WONDER SNAKE","6533","3"
"PinkySpice","2495.3333333333335","6","","#ジューロック","5.248004910988336","11","","ラテラルアーク","6527.833333333333","6"
"空想モーメントL+","2468.4285714285716","7","","elsy","5.226606198034769","4","","狂い咲けセンターロード","6479.8","5"
"リリスリバース","2466.25","4","","蜂蜜★皇帝","5.215031315240084","5","","閃光アミュレット","6439.25","4"
"必殺エモモモモ7","2462","5","","結音 YUION","5.172388059701492","5","","我儘ラキア","6393.5","4"
"situasion","2453.6666666666665","6","","サクヤコノハナ","5.170879676440849","5","","Milky✳︎Sphene","6375.5","6"
"神風センセーション","2447","2","","いちぜん！","5.165523156089193","7","","emiu","6374.5","2"
"EIMIE","2443.75","4","","MiiS","5.164791528788881","4","","未ダ、君ヲ推セズ。","6369.5","4"
"メルティハート","2424.5","6","","pageONE","5.152941176470589","4","","PARA","6350.333333333333","3"
"WONDER SNAKE","2406.6666666666665","3","","我儘ラキア","5.151236954000773","4","","宣誓aspiration","6347.666666666667","3"
"れんてつ","2383.75","4","","くれよんちゅ～どく","5.144957983193278","4","","YURiMental","6342.5","6"
"Dan te Lion","2378.5","4","","神薙ラビッツ","5.089321692411014","7","","天使にはなれない","6332.285714285715","7"
"プリズムハート","2368","4","","HOT DOG CAT","5.077903682719547","6","","僕のClove","6325.4","5"
"Renew","2364.5","2","","Gran☆Ciel","5.064294631710362","5","","ちょめちょめ！！","6292.333333333333","3"
"ATLEPY","2364","5","","YUMEADO EUROPE","5.030825022665458","8","","ヤンチャン学園音楽部","6285.375","8"
"宣誓aspiration","2355.3333333333335","3","","340.29m/s","5.009478672985782","5","","LOVE SPEARS","6231.4","5"
"カラフルスクリーム","2331.714285714286","7","","クレアシオン","5","5","","YUENI","6211.666666666667","3"
"RIOT BABY","2326.75","4","","ジキル☆ハイド","4.947712418300654","4","","レプスルプス","6169.75","4"
"FaM","2326.3333333333335","3","","MOGA","4.940870387890255","3","","さとりモンスター","6145","4"
"棘-おどろ-","2325","4","","Challenge Girls!!","4.882640586797066","3","","LiNCLE","6123.333333333333","3"
"#PEXACOA","2302.6666666666665","9","","Re_roll","4.880517503805175","4","","ばたんキュン","6090.2","5"
"KAMISAMA-双-","2286.5","4","","芯辣melt","4.875394321766562","4","","JYA☆PON","5970.555555555556","9"
"キミのガールフレンド","2271.25","4","","Quubi","4.872706422018348","4","","コンビニ推進アイドル(仮)","5966","7"
"GRATIA-ALA","2268","3","","8ANGEL","4.854721549636804","6","","メルクマールメルマール","5961.285714285715","7"
"FariaClown","2256.3333333333335","6","","POP TUNE GirlS","4.829268292682927","5","","sherbetNEO","5960.5","8"
"僕のClove","2254.2","5","","mistress","4.813583815028902","4","","fairy✩elements","5936.2","5"
"劇場版ゴキゲン帝国∞","2250.5","4","","ambush","4.804964539007092","4","","MIGMA SHELTER","5933.833333333333","6"
"Buddha TOKYO","2237","5","","Fairy-AID","4.803191489361702","4","","#BEMYLOVE","5901.333333333333","3"
"雨模様のソラリス","2234.2","5","","RYUKYU IDOL","4.776785714285714","6","","BiS","5893.5","4"
"Aphrodite","2234","6","","37.2℃-ナナドニブ-","4.759590792838875","5","","ネコプラ mom.","5874.333333333333","6"
"ポンコツコンポ","2233.285714285714","7","","夢幻のシナリオ","4.75591985428051","2","","1/fキュレーション","5833","3"
"姫事絶対値","2231","5","","ラジカルプロミネンス","4.752293577981652","5","","mogu☆mogu","5803.2","5"
"Quubi","2227.75","4","","ワンダーウィード 天","4.72896790980052","5","","Kolokol","5801.5","4"
"ステラシュガレット","2226.6666666666665","3","","ラジスト","4.724709784411277","5","","花いろは","5781.6","5"
"ピューパ!!","2220.3333333333335","3","","グデイ","4.688837478311163","2","","Fiore","5757.666666666667","3"
"Star☆T","2216.5","12","","SK Covers","4.676923076923077","4","","PinkPanda","5742.6","5"
"Re:Clash","2213.6666666666665","6","","りンね","4.67655447803765","4","","くれよんちゅ～どく","5736.75","4"
"LOVE SPEARS","2208.4","5","","MyDearDarlin'","4.656600097418412","8","","husky","5727.714285714285","7"
"フルーティー♡","2207.8888888888887","9","","代々木女子音楽院","4.642411642411642","5","","アイテムはてるてるのみ３","5725.5","10"
"Fiore","2204.3333333333335","3","","no Filter","4.639718804920914","6","","ららぱれーど！","5703.4","5"
"Candy Cross","2201","4","","あえるかな？","4.6390532544378695","2","","innes","5701.5","6"
"fairy✩elements","2199","5","","YURiMental","4.6302702702702705","6","","Malcolm Mask McLaren","5689.25","4"
"the mishmash","2196.25","4","","宣誓aspiration","4.610301263362488","3","","クマリデパート","5660.166666666667","6"
"LOVE_IZ_DOLL","2195.2","5","","CANDY GO!GO!","4.586584531143052","7","","chuLa","5627.25","8"
"代々木女子音楽院","2188.6","5","","SOL","4.573805689747719","5","","えくれあエクレット","5591.428571428572","7"
"きみぷり","2184","2","","蔦ノ音","4.562248995983936","4","","lumina⁂twinklarity","5540.4","5"
"ポスタルジア","2173.5","4","","君に、胸キュン。","4.556926528323051","6","","酔生夢死","5540","3"
"テンシメシ໒꒱","2168.4285714285716","7","","elseed","4.548507462686567","5","","RiKKYY","5467.75","4"
"狂い咲けセンターロード","2153","5","","哀愁TOモメンタム","4.531645569620253","4","","SHOCKiNG EGO","5425.2","5"
"TEN6","2137.5","2","","ЯiＭ:ＭiＲ","4.531506849315068","5","","スリジエWEST：雲組","5418","2"
"SPRISE","2131.4285714285716","7","","JAPANARIZM","4.527777777777778","5","","fairy☆dolls","5397.666666666667","6"
"ひめもすオーケストラ","2128.4","5","","ステラシュガレット","4.517447657028913","3","","miscast","5394","4"
"CASS1E","2126.5","4","","MystericGirl","4.514469453376206","5","","キミのガールフレンド","5387.75","4"
"BüDGE","2122.4","5","","Chu-Z","4.510922871154704","7","","Happink Lip Makeup","5362.166666666667","6"
"SW!CH","2122.4","5","","lumina⁂twinklarity","4.502139800285307","5","","Sweet Alley","5361.571428571428","7"
"Pretty Ash","2121.5","6","","バブルバビデガム!!","4.5","7","","おやすみセカイ","5353.8","5"
"YUMEADO EUROPE","2105.25","8","","SUPER REPLiCA","4.477551020408163","5","","幻色シアター","5346.4","5"
"81moment","2102.75","4","","Parasite.Kiss","4.47477360931436","6","","EIMIE","5316","4"
"ELECTRIC JELLYFISH","2100.5","2","","神使轟く、激情の如く。","4.461259581520613","6","","うたた寝シエスタ","5316","4"
"TJ(トーンジュエル)","2089","2","","GREAT MONKEYS","4.4546805349182765","5","","しろもん","5310.833333333333","6"
"IDOLATER","2075","3","","SPRISE","4.453744493392071","7","","Silly°Honey","5304","5"
"Sinquacious_","2062.3333333333335","3","","キミノマワリ+","4.442922374429224","6","","会心ノ一撃","5303.25","4"
"GALS","2053.5","4","","日曜日のアプレミディ","4.4031746031746035","5","","まねきケチャ","5290.2","5"
"CLIPCLIP","2049","3","","PinkySpice","4.391523713420787","6","","ワールズエンド。","5284.2","5"
"メルクマールメルマール","2043.5714285714287","7","","テンシメシ໒꒱","4.3882352941176475","7","","Gran☆Ciel","5282.2","5"
"＆シンフィニティ","2042.8","5","","しえる♡de♡ね～じゅ","4.357142857142857","5","","アイドールBRAVE","5272.25","4"
"イロハサクラ","2039.875","8","","#ババババンビ","4.336825900140163","7","","永遠ヰスペクトル","5258.666666666667","3"
"G'ASH","2037.8","5","","風男塾","4.330813953488372","6","","PassCode","5231.75","4"
"ブルーなままで","2036.2","5","","AKIARIM","4.309210526315789","6","","西金沢少女団","5198.111111111111","9"
"XOXO EXTREME","2030.5","4","","gurumaid=tiara/ぐるティア","4.301745635910224","6","","Satanic Punish","5193.5","2"
"8ack8eat","2028.6666666666667","3","","Fragrant Drive","4.299926847110461","5","","メイビーME","5182.714285714285","7"
"CHERRY GIRLS PROJECT","2028.1666666666667","6","","TA女子","4.294741697416974","5","","テンシメシ໒꒱","5181","7"
"Next☆Rico","2026.142857142857","7","","くぴぽ","4.289256198347108","5","","81moment","5178.25","4"
"究極人形","2025.375","8","","愛夢GLTOKYO","4.272189349112426","4","","SAKA-SAMA","5175.5","2"
"アルカナビス","2021.3333333333333","6","","スリジエ：宙組","4.2494684620836285","9","","ラブアグレッション","5149.4","5"
"Menkoiガールズ","2013","5","","FariaClown","4.2468619246861925","6","","My placious","5124.5","4"
"NILKLY","2008","4","","99%LOVER","4.235964912280702","3","","GALS","5106.75","4"
"NEMURIORCA","2004.5714285714287","7","","caprice","4.225733634311513","5","","覚醒のアドット","5092.75","4"
"CUBΣLIC","1999.25","4","","8WIZARD","4.187308868501529","7","",".BPM","5083.2","5"
"シブヤDOMINION","1998.6666666666667","6","","pamplepop","4.183157894736842","5","","#ジューロック","5057.727272727273","11"
"POPPiNG EMO","1994.75","4","","OBP","4.1801125703564725","6","","キューっと！センチめんたる","5055.6","5"
"husky","1982.857142857143","7","","仮面女子 - アリス十番","4.178553861288736","6","","EMPiRE","5046","6"
"Azatoi","1976","3","","トキメロ","4.174752708431465","5","","ひめもすオーケストラ","5037.8","5"
"CALL MY NAME","1972","7","","セカモノ","4.168852459016393","5","","YUMEADO EUROPE","5032.25","8"
"We=MUKASHIBANASHI","1965.25","4","","Treble","4.166666666666667","6","","SW!CH","5031.6","5"
"閃光アミュレット","1960.75","4","","Peel the Apple","4.160759897828863","8","","スリジエ：月組","5026.666666666667","6"
"少女模型","1960","2","","夢彩シンフォニア","4.131386861313868","4","","もどかしマーケッツ","5007.8","5"
"RiNCENT.","1957","4","","Chimo","4.105893186003684","5","","ブリオガジャ","5000.8","5"
"POMERO","1947.2","5","","キミのガールフレンド","4.1039387308533914","4","","コノサキモ隣ニ","4987","3"
"W.","1942.625","8","","川崎純情小町","4.099320882852292","4","","ミスティア","4974.333333333333","6"
"Starly☆","1935.2","5","","欲バリセンセーション","4.097055616139586","4","","Fairy-AID","4948.75","4"
"純粋カフェラッテ","1897.3333333333333","6","","ニコニコ♡STAGE","4.090551181102362","5","","［PUZZLE.］","4922","4"
"Chou2Precede","1894.6","5","","パピプペポは難しい","4.083180428134557","6","","NANONI","4898.833333333333","6"
"Milky✳︎Sphene","1892.5","6","","アクアノート","4.050596313697145","4","","瞬きもせず","4894","4"
"令名の和歌","1883.5","6","","まけいぬの逆襲","4.047058823529412","2","","ステラシュガレット","4893.333333333333","3"
"ULTRA BUZZ","1881","6","","Malcolm Mask McLaren","4.044267053701016","4","","タートルリリー","4886","6"
"8FLAG","1873.857142857143","7","","シュアネス","4.026143790849673","8","","SAISON","4882.2","5"
"百鬼乙女","1873.75","4","","New ruru","4.011541632316571","2","","ねこふわっち。","4851","4"
"MADMAO","1870.6","5","","青山Rabness","4","5","","ハープスター","4839.6","5"
"ルミララ","1868.6666666666667","3","","MIGMA SHELTER","3.9610419026047565","6","","夢みるアドレセンス","4831.714285714285","7"
"JOY VAN CREW","1866","6","","ぜんぶ君のせいだ。","3.9490919916641856","7","","LOVE CCiNO","4806.5","6"
"おやすみセカイ","1864","5","","ReverseTokyo","3.9445378151260506","3","","POMÜM","4806.125","8"
"Lycoris Radiata","1854.1666666666667","6","","KAMISAMA-双-","3.9426816786079835","4","","ソラネルカンパニー","4799.833333333333","6"
"シンダーエラ","1851.5","4","","あすとろLAVENDER","3.938730853391685","3","","NEW CODOMO PROTEAN","4788.833333333333","6"
"STRAY SHEEP CLAYMORE","1841","3","","たまご姫【たまプリ】","3.913140311804009","7","","少女模型","4787.5","2"
"ぼくはまだしなない","1836","5","","うさりんくりぃむ","3.8944099378881987","5","","KATACOTO＊BANK","4784.375","8"
"BYBBiT","1825.2857142857142","7","","ハープスター","3.878297084683017","5","","アップアップガールズ（仮）","4775.375","8"
"Palette Parade","1824.3333333333333","6","","リリスリバース","3.87046004842615","4","","未明の音楽室","4774","3"
"ROSARIO＋CROSS","1822.4","5","","アンスリューム","3.856020942408377","4","","乙女シンドリーム","4732","4"
"RED-i","1820.8333333333333","6","","ベクアステラ","3.8535620052770447","4","","アクアノート","4718.5","4"
"sui sui","1815.75","4","","イタズラJOKER","3.8199233716475094","6","","アノンクララ","4718","3"
"#あんのわーるど","1811.6","5","","未ダ、君ヲ推セズ。","3.7890625","4","","君のヤミは全部僕が背負う。","4706","3"
"PLEVAIL","1800.5","4","","fairy✩elements","3.782754759238522","5","","IDOL★ST∀R MINE","4701.4","5"
"UPローチ","1797.4","5","","HAPPY少女♪","3.7779083431257345","8","","EVERYDAYS","4673.5","4"
"のらりくらり","1788","4","","Niimo","3.772164437840515","5","","BOY MEETS HARU","4620.666666666667","3"
"ゆるめるモ！","1787.6","5","","有頂天トリガー","3.765765765765766","5","","mistress","4618.75","4"
"イタズラJOKER","1770.1666666666667","6","","Cutenka! ","3.7116788321167884","3","","RIOT BABY","4589","4"
"SHIKASHI","1768.2","5","","#あんのわーるど","3.6839959225280325","5","","More than wordz","4574.833333333333","6"
"会心ノ一撃","1766.75","4","","POPPiNG EMO","3.675213675213675","4","","必殺♡りあるえすけーぷ","4559.5","6"
"蜂蜜★皇帝","1765.4","5","","#フラサービックル","3.6391554702495204","7","","NAP","4526.4","5"
"夢∞NITY","1764.3333333333333","3","","miscast","3.6391501219087425","4","","美味しい曖昧","4521.4","5"
"ねこふわっち。","1762.25","4","","PLC","3.6369426751592355","6","","クロスノエシス","4503.4","5"
"ゆるっと革命団","1756.4285714285713","7","","EVE","3.632709632709633","4","","あいまいどーる","4471.333333333333","3"
"ミラクルファンファーレ！","1754","6","","夜光性アミューズ","3.5997428504636484","5","","BEATism","4445.857142857143","7"
"芯辣melt","1750.75","4","","PARA","3.5985915492957745","3","","BEATism ","4445.857142857143","7"
"くぴぽ","1741.8","5","","プランクスターズ","3.5870950610727563","5","","綺星★フィオレナード","4398.75","8"
"One Side Game","1740.3333333333333","3","","ふるぱれーど","3.572834645669291","5","","ポリシーなんてごんごどうだん！","4387","3"
"Lion net girl","1731","4","","Finally","3.558154645873944","6","","フルーティー♡","4382.222222222223","9"
"感覚ロヂック","1726.8","5","","ワールズエンド。","3.550837320574163","5","","きゅるりんってしてみて","4374","5"
"mistress","1725.25","4","","ばたんキュン","3.5473349244232297","5","","みらくる☆ふぉーぜ","4343.833333333333","6"
"ANDCRAZY BREAK","1723.25","4","","ASP","3.5372387032169232","5","","二代目 不感症ヘビ苺","4269.666666666667","3"
"東京ぴ炎","1719","4","","RALF","3.5192837465564737","5","","One Next Girls","4262.666666666667","9"
"脳内パステル","1713.1666666666667","6","","タートルリリー","3.5178082191780824","6","","東京メロディック23’","4249.5","6"
"may in film","1694.5","4","","ヒビコレ","3.515262515262515","5","","#LOG1N","4248.8","5"
"始発待ちアンダーグラウンド","1693.6666666666667","3","","なんちゃらアイドル","3.5033886085075703","2","","ONE BY ONE","4222","7"
"INFIY∞","1692.8","5","","まねきケチャ","3.50140247410817","5","","空想モーメントL+","4196","7"
"ピコピコ☆レボリューション","1690.3333333333333","6","","ICE-ink","3.500924214417745","4","","NECRONOMIDOL","4192.333333333333","3"
"HAPPY少女♪","1680.75","8","","JYA☆PON","3.4915980230642503","9","","アマテラス","4188.5","2"
"カンシャクノヒナ","1676.5","2","","SHOCKiNG EGO","3.4707692307692306","5","","#ペンタプリズム","4185.2","5"
"PinkPanda","1668.4","5","","ViViBee","3.458844133099825","9","","Magical Magic","4179.6","5"
"EMOE","1663.3333333333333","3","","虚空のカルミア","3.4455128205128207","5","","レイドロイド","4175.166666666667","6"
"O'CHAWANZ","1663","2","","クマリデパート","3.4310421286031043","6","","1682 -いろはに-","4154.5","2"
".BPM","1661.6","5","","#PANnana ーパンダの指は実は７本ある。ー","3.4267399267399266","7","","2o Love to Sweet Bullet","4149.75","4"
"天空のシラバス","1661","6","","ROSARIO＋CROSS","3.4241119483315394","5","","ネテルダイヤ","4146.333333333333","6"
"Paranoia","1658.6666666666667","3","","仮面女子 - アーマーガールズ","3.4169026355913745","5","","バグMEME","4142.8","5"
"きゅん♡みっしょん","1649.25","4","","SHIKASHI","3.41125","5","","１学期の前髪","4140.4","5"
"TokyoStory","1640.25","4","","GANGDEMIC","3.384816753926702","5","","THAT’s So","4122","4"
"fishbowl","1637.1666666666667","6","","mai mai","3.3682906688687035","5","","sui sui","4081.75","4"
"西金沢少女団","1634.7777777777778","9","","Good knight**","3.356394129979036","4","","イロハサクラ","4066.625","8"
"透色ドロップ","1628.857142857143","7","","SOMOSOMO","3.343299331691875","6","","Renew","4048.5","2"
"きみとのワンダーランド","1627.3333333333333","3","","PassCode","3.3414190418435417","4","","VeryMerry","4046.3333333333335","3"
"錬日oTo個色運営","1620.4285714285713","7","","Jewel☆Neige","3.3215419501133785","8","","BYBBiT","4028.4285714285716","7"
"B.K.S.N","1615","3","","プリンセス物語","3.315112540192926","11","","蜂蜜★皇帝","4027.6","5"
"ARIStoCRAT","1613.6666666666667","3","","あたまのなかは8ビット","3.2981312472837896","5","","MiiS","4014.75","4"
"ベクアステラ","1611.75","4","","LOVE_IZ_DOLL","3.2944162436548226","5","","∞PEACE","4014.6666666666665","3"
"BOY MEETS HARU","1607.6666666666667","3","","GO TO THE BEDS","3.2888012246820537","4","","CUPIDOLIC","4009.3333333333335","3"
"caprice","1607.6","5","","symphonic doll","3.2746478873239435","5","","プリンセス物語","3920.181818181818","11"
"i+chip=memory","1606.2","5","","棘-おどろ-","3.2724665391969405","4","","REBEL REBEL","3909.6666666666665","3"
"アンシャンテ","1600.5","2","","1UP","3.2562929061784898","4","","RUN WiTH YOU","3888.4","5"
"てぃんく♪","1591.4","5","","MM","3.2559317930271168","2","","uncyclo","3884.6666666666665","3"
"#ワールドカオス","1588","7","","Next☆Rico","3.252204585537919","7","","BüDGE","3866.6","5"
"なないろ∞ミルキーウェイ","1582.125","8","","8princess","3.2341054706752095","2","","都の国のアリス","3820","7"
"夢幻のシナリオ","1580","2","","Devil ANTHEM.","3.2297921478060045","6","","HelloYouth","3814.5","6"
"ミカワガールズ(仮)","1577.8","5","","C;ON","3.212142358688067","5","","蜜兎","3792.5","4"
"くれよんちゅ～どく","1561.75","4","","えンカレっ！","3.1809523809523808","4","","Appare!","3765.5714285714284","7"
"ハチャメチャ声優ユニット STEM","1559.25","4","","Appare!","3.1630912380460066","7","","THE ORCHESTRA TOKYO","3763","5"
"yumegiwa last girl","1553.1666666666667","6","","再生のレべリズム ","3.156695156695157","3","","JOY VAN CREW","3746.3333333333335","6"
"KittyCat","1542.7142857142858","7","","再生のレベリズム","3.156695156695157","3","","POP TUNE GirlS","3730.8","5"
"Paradox Risk","1542.25","4","","劇場版ゴキゲン帝国∞","3.1532184950135993","4","","Azatoi","3726.3333333333335","3"
"iSPY","1540.3333333333333","6","","コンビニ推進アイドル(仮)","3.1517857142857144","7","","らぺ〜しゅ","3668.5","6"
"Happink Lip Makeup","1504.1666666666667","6","","もふる×クロス","3.1483050847457625","4","","Lycoris Radiata","3661.8333333333335","6"
"レプスルプス","1500.5","4","","Lupinus　-ルピナス-","3.1277573529411766","4","","モノクロテレビジョン","3637.6666666666665","6"
"GREAT MONKEYS","1497","5","","てぃんく♪","3.1075129533678756","5","","COLORLESS","3634.2","5"
"空想世界","1492","3","","G'ASH","3.103448275862069","5","","#ZZZ","3627.5","2"
"覚醒のアドット","1490.25","4","","ONE BREATH","3.095599393019727","5","","CHERRY GIRLS PROJECT","3620.1666666666665","6"
"東京メロディック23’","1485.5","6","","ゆめみどき","3.081956378056841","3","","真っ白なキャンバス","3606.8571428571427","7"
"夕凪プリズム","1482.2","5","","カラフルスクリーム","3.0712377560106856","7","","Chimo","3585.4","5"
"Parasite.Kiss","1476.3333333333333","6","","なないろ∞ミルキーウェイ","3.039285714285714","8","","ブルーなままで","3572.8","5"
"シンメトリカルノ箒星*","1461.5714285714287","7","","錬日oTo個色運営","3.0333680917622523","7","","GREAT MONKEYS","3570.4","5"
"セカモノ","1438.2","5","","10tacion","3.0307692307692307","5","","no Filter","3570","6"
"GANGDEMIC","1435.6","5","","cosmo☆girls","3.026315789473684","3","","ZOC","3559.6","5"
"lumina⁂twinklarity","1427","5","","CUBΣLIC","3.0216666666666665","4","","FlowFlow","3549.6666666666665","3"
"あわこい","1425.4","5","","おやすみセカイ","3.01931330472103","5","","カラフルスクリーム","3536.1428571428573","7"
"ラジスト","1420.4","5","","脳内パステル","3.0085054678007292","6","","うさりんくりぃむ","3531.2","5"
"SHOCKiNG EGO","1418.6","5","","仮面女子 - イースターガールズ","3.005209418628881","5","","8ANGEL","3514.8333333333335","6"
"かすみ草とステラ","1416.3333333333333","6","","白紙のリブート","3","2","","PureGi(ぷれっぢ)","3469.4","5"
"MystericGirl","1414.4","5","","キミイロプロジェクト","2.9941747572815536","8","","Candy Cross","3462","4"
"AQUA PLANET","1413.2857142857142","7","","SW!CH","2.9800159872102316","5","","Re:monet","3459","3"
"とわる","1408.6666666666667","3","","ほわいと☆ベガ","2.970059880239521","5","","AMOUR","3458.285714285714","7"
"ハートの心電図","1408.25","4","","雨模様のソラリス","2.9631467044649185","5","","Soiree brilliance","3451.75","4"
"8JEWEL","1407.875","8","","クロスノエシス","2.9522623495226235","5","","BenjaminJasmine","3445.75","4"
"カイジューバイミー","1405","4","","アライブとレイニー","2.947957839262187","3","","ゆめみどき","3443.3333333333335","3"
"Layn","1403.6","5","","airlview","2.9444444444444446","3","","群青の世界","3427.8","5"
"Challenge Girls!!","1397.3333333333333","3","","アイコノクラズム","2.943298969072165","2","","ハジマリノオト","3423.5","2"
"com","1397.3333333333333","3","","おはよう！もきゅれーしょん","2.9273858921161824","4","","Xmachina","3423","3"
"P-Loco","1385.6","10","","Leo-Wonder","2.9266467065868262","3","","GANGDEMIC","3408.4","5"
"ドリ☆ステ","1377.3333333333333","6","","じーくらむ！","2.888010540184453","6","","手羽先センセーション","3406.2","5"
"開歌-かいか-","1374.75","4","","AIBECK","2.881524926686217","6","","Challenge Girls!!","3405","3"
"unichan","1373","4","","no concept","2.8754303599374023","3","","RASCAL CLAN","3368.5714285714284","7"
"泡沫シークレット","1367.75","4","","NILKLY","2.845896147403685","4","","SPRISE","3359.8571428571427","7"
"シュアネス","1361.5","8","","WAgg","2.841871018413474","5","","大御神","3353.4","5"
"ららぱれーど！","1359.4","5","","なんキニ！","2.836954136493307","7","","ベクアステラ","3312.25","4"
"ネモフィラ新世界","1356.5","6","","2o Love to Sweet Bullet","2.8336619465854094","4","","HAPPY少女♪","3311","8"
"エレファンク庭","1337.5","4","","NEW CODOMO PROTEAN","2.821875","6","","きみとのワンダーランド","3299.6666666666665","3"
"LiLii Kaona","1336.5","2","","Caress Van End","2.8211764705882354","8","","煌めき☆アンフォレント","3299.3333333333335","6"
"愛夢GLTOKYO","1331.75","4","","PiXMiX","2.818815331010453","5","","リルネード","3296.3333333333335","3"
"The Grateful a MogAAAz","1325.75","4","","ラテラルアーク","2.8172678888231815","6","","Charge24","3286.75","4"
"アマテラス","1322.5","2","","Misty Honeypot","2.8120805369127515","2","","POMERO","3279.4","5"
"VeryMerry","1314","3","","VACATION'S","2.807471264367816","5","","Dear8","3263.5714285714284","7"
"#PANnana ーパンダの指は実は７本ある。ー","1310.2857142857142","7","","CHICKEN BLOW THE IDOL","2.8010204081632653","4","","たまご姫【たまプリ】","3257.714285714286","7"
"YUMEADO CiTRON","1307.7142857142858","7","","透色ドロップ","2.7804459691252146","7","","i-COL","3246","2"
"はにーきゃんぱす","1304.8","5","","Sinquacious_","2.7679708826205642","3","","タイトル未定","3237.8","5"
"もふる×クロス","1294","4","","situasion","2.767910447761194","6","","miao","3236.6","10"
"タートルリリー","1291.1666666666667","6","","My Best Friend","2.762172284644195","6","","twinpale","3217.5","2"
"HAKUAKI","1288","4","","STRAY SHEEP CLAYMORE","2.755868544600939","3","","Lupinus　-ルピナス-","3210","4"
"CYCLONISTA","1283.6666666666667","3","","ヒップバーン","2.754684838160136","3","","PROTO PLOT","3206","3"
"KOMACHI＋","1280.25","4","","Re:Clash","2.7409420289855073","6","","川崎純情小町","3182.75","4"
"CUPIDOLIC","1280","3","","CLIPCLIP","2.73224043715847","3","","のらりくらり","3179.25","4"
"Lil na Valley","1276.5","4","","buGG","2.729823047043591","7","","ドリ☆ステ","3176.3333333333335","6"
"Neat.and.clean-ニトクリ-","1269.5","8","","i☆Ris","2.7236770201013187","5","","夢幻のシナリオ","3172.5","2"
"いちごみるく色に染まりたい。","1267.6666666666667","6","","アンフレディア","2.7189655172413794","5","","MAGICAL SPEC","3161.2","5"
"ONE BREATH","1266.6","5","","XOXO EXTREME","2.710758377425044","4","","MERRY CUTE","3141.5","2"
"可憐なアイボリー","1254.6","10","","Paradox Risk","2.7104294478527606","4","","pamplepop","3098.8","5"
"負け犬とクズ","1253","5","","9DayzGlitchClubTokyo","2.7050938337801607","3","","わんふぁす！","3093.4","5"
"ちゅーちゅーりっぷ","1252.3333333333333","3","","泡沫シークレット","2.7008196721311477","4","","戦国アニマル極楽浄土","3084.714285714286","7"
"アイドールBRAVE","1245","4","","都の国のアリス","2.67","7","","C;ON","3079.4","5"
"Sekaisen","1244.857142857143","7","","Palette Parade","2.668405365126677","6","","日曜日のアプレミディ","3050.6","5"
"さとりモンスター","1233","4","","覚醒のアドット","2.66541822721598","4","","FanCy-","3011.5","4"
"カクテル研究所","1232.8","5","","B.K.S.N","2.6624015748031495","3","","RepiDoll","2990.4","5"
"再生のレべリズム ","1232.6666666666667","3","","Starly☆","2.6618274978650724","5","","トキメロ","2977.4","5"
"再生のレベリズム","1232.6666666666667","3","","JOY VAN CREW","2.658682634730539","6","","まけいぬの逆襲","2977","2"
"ソラネルカンパニー","1229","6","","ゆるめるモ！","2.63544536271809","5","","青空のプラネタリウム","2974.5","6"
"点染テンセイ少女。","1223.7","10","","SUMMER ROCKET","2.62992125984252","5","","Layn","2971.4","5"
"プリアモ","1222.6","5","","ToKickBe●REC","2.6083333333333334","4","","PLC","2968.3333333333335","6"
"未ダ、君ヲ推セズ。","1221.5","4","","えくれあエクレット","2.607337450054486","7","","いちぜん！","2963.8571428571427","7"
"さくらシンデレラ","1214.7272727272727","11","","スリジエ：星組","2.606644640234949","8","","SUPER REPLiCA","2945","5"
"Tri-Sphere","1210.75","4","","Satanic Punish","2.604961832061069","2","","My Best Friend","2938.8333333333335","6"
"Chase×Chase","1207.5","2","","NEO JAPONISM","2.597441364605544","5","","モイメメ。","2930.4","5"
"PROTO PLOT","1206.3333333333333","3","","NightOwl","2.594749794913864","4","","ｖmate.- ちぇっくめいと -","2928.6","5"
"Melodic Mellow","1206","4","","ラブアグレッション","2.5850379894798365","5","","三日月スナイパー","2915","4"
"戦乱のEmpress","1201.5","4","","カンシャクノヒナ","2.574626865671642","2","","ほーむたいがー","2910.8333333333335","6"
"RALF","1193.6","5","","utatane","2.566153846153846","3","","セカモノ","2897","5"
"おちゃメンタル☆パーティー","1190","6","","ワガママきいて？？","2.5627705627705626","7","","KOMACHI＋","2893.25","4"
"elseed","1184","5","","君のヤミは全部僕が背負う。","2.5517784073024865","3","","SOL","2887.6","5"
"純真アムレット","1182.8","5","","QUEENS","2.5490892936472678","6","","点染テンセイ少女。","2878.8","10"
"１学期の前髪","1175.6","5","","タイトル未定","2.510787172011662","5","","com","2823.6666666666665","3"
"37.2℃-ナナドニブ-","1172.2","5","","シンダーエラ","2.5066115702479337","4","","PiXMiX","2821.4","5"
"WT☆Egret","1172","3","","狂い咲けセンターロード","2.499599037690457","5","","キプリスモルホォ","2804.1666666666665","6"
"ほーむたいがー","1170","6","","Magical Magic","2.4788732394366195","5","","さくらシンデレラ","2802.090909090909","11"
"モイメメ。","1169.2","5","","ぼくはまだしなない","2.472352389878163","5","","Girls Upright","2795.4","5"
"SIPP","1157.5","2","","乙女シンドリーム","2.4720744680851063","4","","Devil ANTHEM.","2792.6666666666665","6"
"gurumaid=tiara/ぐるティア","1154","6","","EMOE","2.468062827225131","3","","coboreru","2786","7"
"#フラサービックル","1148.7142857142858","7","","ELECTRIC JELLYFISH","2.466171617161716","2","","RAY","2770.25","4"
"青空のプラネタリウム","1140.3333333333333","6","","ピューパ!!","2.4660336011687365","3","","民謡女子ハピネス組","2767.5","2"
"deeper²","1138.25","4","","道玄坂69","2.4601818682832737","4","","TokyoStory","2756","4"
"酔生夢死","1128.6666666666667","3","","RIOT BABY","2.4519442406456347","4","","340.29m/s","2753.4","5"
"セカイシティ","1127.6666666666667","3","","Layn","2.4375","5","","ラジカルプロミネンス","2742.8","5"
"Leo-Wonder","1125.3333333333333","3","","あっしゅない！","2.4045226130653266","6","","WT☆Egret","2733","3"
"君のエトワール","1122","2","","EVERYDAYS","2.3959044368600684","4","","アンスリューム","2729.75","4"
"uncyclo","1118","3","","Dan te Lion","2.3847908745247146","4","","YUMEADO CiTRON","2721.8571428571427","7"
"激情リフレイン","1118","3","","大宮 I☆DOLL","2.3788328387734916","5","","僕らで世界を汚す","2702.3333333333335","3"
"Soiree brilliance","1115.75","4","","ザ・コインロッカーズ","2.3764150943396225","10","","SUMMER ROCKET","2699.4","5"
"NAP","1114.8","5","","ハートの心電図","2.370221327967807","4","","ワッツ◎さーくる","2679.9","10"
"FlowFlow","1113","3","","Lovelys","2.3639557579700714","2","","とどけスコープ","2656","4"
"乙女シンドリーム","1111","4","","Tri-Sphere","2.356060606060606","4","","NightOwl","2650.75","4"
"RASCAL CLAN","1108.857142857143","7","","Paranoia","2.351818181818182","3","","泡沫パーティーズ","2648.75","4"
"no Filter","1108.8333333333333","6","","Asterisk*zero","2.3487881981032666","6","","きのホ。","2615","6"
"YUENI","1106","3","","clara","2.342327150084317","4","","アンフレディア","2613","5"
"ネテルダイヤ","1104.1666666666667","6","","Renew","2.334978843441467","2","","ЯiＭ:ＭiＲ","2612.4","5"
"Silly°Honey","1099.6","5","","酔生夢死","2.3324675324675326","3","","いちごみるく色に染まりたい。","2578.8333333333335","6"
"ヒップバーン","1092.6666666666667","3","","白夜のカフカ","2.324786324786325","3","","dela","2553.923076923077","13"
"clara","1090.5","4","","MAD JAMIE","2.32","5","","8JEWEL","2549.5","8"
"THE ORGANICS","1084.5","2","","LUVネオガールズウェイブ","2.3187727509100364","4","","NEMURIORCA","2543.8571428571427","7"
"340.29m/s","1081.4","5","","LeirA","2.318713450292398","5","","カクテル研究所","2534.6","5"
"あいまいどーる","1081.3333333333333","3","","notall","2.3156977467944726","5","","シャニムニ＝パレード","2534.25","8"
"NEW CODOMO PROTEAN","1080","6","","BYBBiT","2.3142857142857145","7","","IDOLATER","2532.6666666666665","3"
"ほわいと☆ベガ","1079.6","5","","yumegiwa last girl","2.3134328358208953","6","","Melodic Mellow","2529.5","4"
"美味しい曖昧","1075","5","","RepiDoll","2.312086092715232","5","","にっぽんワチャチャ","2523.1666666666665","6"
"coboreru","1071.2857142857142","7","","シャニムニ＝パレード","2.3049645390070923","8","","mignon","2519","3"
"tipToe.","1071","3","","みみくりちゃん","2.297872340425532","8","","MAPA","2513.25","4"
"アンフレディア","1070.6","5","","LiNCLE","2.297082228116711","3","","おちゃメンタル☆パーティー","2507.8333333333335","6"
"PureGi(ぷれっぢ)","1046.2","5","","のんふぃく！","2.288802579510479","5","","君に、胸キュン。","2483","6"
"Cutenka! ","1044","3","","神宿","2.2853600322370666","4","","Rebellious","2478.5","4"
"Cent Heaven","1042","6","","Pretty Ash","2.276734104046243","6","","I’mew","2471.6","5"
"I to U $CREAMing!!","1033.5","2","","Ω僕たちまたなにかやっちゃいました？Ω","2.276029055690073","4","","君のエトワール","2471.5","2"
"Twinkle☆Stars","1032.4285714285713","7","","TJ(トーンジュエル)","2.274294670846395","2","","tipToe.","2470.3333333333335","3"
"1/fキュレーション","1024.3333333333333","3","","ULTRA BUZZ","2.2695652173913046","6","","芯辣melt","2468.75","4"
"TOKYO SONIC BOOM","1017.5","4","","ルミララ","2.2682242990654204","3","","戦乱のEmpress","2438","4"
"100-YOKAI","1015.8","5","","すーぱープーばぁー!!","2.25114854517611","7","","CHICKEN BLOW THE IDOL","2432.5","4"
"feelNEO","1012.6","5","","なにわキャッツ","2.2433234421364987","6","","37.2℃-ナナドニブ-","2417.6","5"
"LUNCH KIDS","1011.875","8","","バグMEME","2.2327188940092166","5","","CYCLONISTA","2412","3"
"あすとろLAVENDER","1009.3333333333334","3","","1Eyeline","2.226244343891403","5","","夢∞NITY","2408.3333333333335","3"
"ToKickBe●REC","1009","4","","あのね、","2.219409282700422","4","","Treble","2386.1666666666665","6"
"キミイロプロジェクト","1004.25","8","","CASS1E","2.216538192011212","4","","BLUU","2372.4","5"
"EVERYDAYS","1000.75","4","","華シグレ","2.2142857142857144","4","","#あんのわーるど","2366.6","5"
"すーぱープーばぁー!!","1000.5714285714286","7","","tipToe.","2.2138114209827355","3","","キミノマワリ+","2364","6"
"あたし全部あげる。","999.6666666666666","3","","POMERO","2.209515859766277","5","","OdAkEi IDOL PROJECT","2356.285714285714","7"
"emiu","997","2","","さとりモンスター","2.2046004842615012","4","","虚空のカルミア","2354.8","5"
"大御神","993.6","5","","The Grateful a MogAAAz","2.1867662753468515","4","","HAKUAKI","2354.25","4"
"pamplepop","988.8","5","","O'CHAWANZ","2.179732313575526","2","","ゆるっと革命団","2345","7"
"STELLABEATS","985.3333333333334","3","","ANDCRAZY BREAK","2.165784832451499","4","","Lila Gray","2335.25","4"
"もどかしマーケッツ","976.8","5","","くるーず〜CRUiSE!","2.161212848994296","4","","まッ","2308.6666666666665","3"
"ViViBee","970","9","","RiKKYY","2.1570222083203","4","","RALF","2296.2","5"
"永遠ヰスペクトル","968","3","","ハチャメチャ声優ユニット STEM","2.1531874405328257","4","","キャンディzoo","2275.6","5"
"悩殺❤︎アフタービート","967.3333333333334","3","","しろもん","2.1459016393442623","6","","FinalSelection","2274.3333333333335","3"
"コノサキモ隣ニ","966","3","","BenjaminJasmine","2.14188836724048","4","","clara","2273.75","4"
"OMNI666","957.5","4","","とどけスコープ","2.14004914004914","4","","シンダーエラ","2268.75","4"
"8ANGEL","956","6","","Sweet Alley","2.1350364963503647","7","","VACATION'S","2264.2","5"
"きのホ。","954.1666666666666","6","","センチメルト","2.1294117647058823","3","","激情リフレイン","2229.3333333333335","3"
"ブリオガジャ","953.4","5","","#LOG1N","2.123647604327666","5","","透色ドロップ","2228.8571428571427","7"
"あいたいね！","952.5","2","","CYCLONISTA","2.1180637544273906","3","","負け犬とクズ","2216.8","5"
"おはよう！もきゅれーしょん","952","4","","THAT’s So","2.099403578528827","4","","AQUA PLANET","2206.4285714285716","7"
"mogu☆mogu","947.6","5","","点染テンセイ少女。","2.0870069605568444","10","","Leo-Wonder","2204.6666666666665","3"
"明確BABY","947","2","","GemstoneDream","2.0849420849420848","3","","W.","2203.875","8"
"Satanic Punish","944.5","2","","ラストクエスチョン","2.079611650485437","2","","翡翠キセキ","2186.3333333333335","3"
"民謡女子ハピネス組","940","2","","めろん畑a go go","2.075793462813832","5","","CHEQUEMATE ","2169.4","5"
"未明の音楽室","939.3333333333334","3","","PARADISES","2.0746035291489835","6","","OVERFLOW","2168.5","2"
"Good knight**","928.25","4","","アイドールBRAVE","2.073529411764706","4","","メランコリック少女物語","2146.5","6"
"NANONI","928.1666666666666","6","","プリアモ","2.073170731707317","5","","開歌-かいか-","2136.5","4"
"しろもん","927.6666666666666","6","","とわる","2.0711500974658867","3","","ToKickBe●REC","2126.5","4"
"お願い!!フルハウス","925.2","5","","スイーツメロディ","2.0613656006914436","2","","青山Rabness","2121.6","5"
"ICE-ink","918.25","4","","たけやま3.5","2.0583250249252245","3","","なにわキャッツ","2121","6"
"絶望のポメラニアン","915.6","5","","シナモンしゅがー","2.05","4","","LogiNeoN","2108.6666666666665","3"
"みらくる☆ふぉーぜ","911","6","","MINGO!×MINGO!","2.04099560761347","5","","Re:Clash","2100.5","6"
"Treble","908.8333333333334","6","","VeryMerry","2.0272108843537415","3","","ミラクルファンファーレ！","2083.5","6"
"二代目 不感症ヘビ苺","903.6666666666666","3","","ニコニコ♡LOVERS","2.0159229772264395","5","","東京セラフィム","2076","5"
"My placious","903","4","","令名の和歌","2.007132667617689","6","","#PEXACOA","2075.1111111111113","9"
"Elber","901","4","","Pety","2.0047619047619047","6","","てぃあむ","2026.6666666666667","6"
"たまご姫【たまプリ】","899.4285714285714","7","","バンドじゃないもん！MAXX NAKAYOSH","2.0037896263098927","6","","カイジューバイミー","2020","4"
"MAJESTIC MATES","899","4","","BLUU","2","5","","侵喰ぴぴぴKLAXON","2011.3333333333333","3"
"ColorfliC","898","6","","空想モーメントL+","2","7","","Neat.and.clean-ニトクリ-","1992.75","8"
"コンビニ推進アイドル(仮)","891","7","","カクテル研究所","1.9975816203143895","5","","ambush","1965.5","4"
"MINGO!×MINGO!","888.2","5","","EIMIE","1.9970255800118977","4","","Spindle","1965.3333333333333","3"
"都の国のアリス","885.1428571428571","7","","RURUDiA","1.9933774834437086","3","","ザ・コインロッカーズ","1964.5","10"
"Fairy-AID","884.25","4","","LEIWAN","1.9912733042443476","4","","1Eyeline","1962.6","5"
"茜空のプラネタリウム","867.6666666666666","3","","ViVian","1.9880059970014992","3","","衛星とカラテア","1962.2","5"
"POP TUNE GirlS","867.6","5","","IDOLATER","1.964332892998679","3","","Caress Van End","1960.5","8"
"キミノマワリ+","864.6666666666666","6","","mogu☆mogu","1.9623733719247467","5","","Re:INCARNATION","1932.3333333333333","3"
"RYUKYU IDOL","861.6666666666666","6","","PLEVAIL","1.9536826119969628","4","","Niimo","1917.6","5"
"まけいぬの逆襲","858","2","","閃光アミュレット","1.946914399469144","4","","シュアネス","1900.625","8"
"哀愁TOモメンタム","849.75","4","","サンダルテレフォン","1.9410577311263626","4","","クレイビット","1885","5"
"ふるぱれーど","845.8","5","","瑠璃色の龍を導きし妖女","1.93993993993994","3","","アイコノクラズム","1872.5","2"
"ぜろから☆すた→と","842.3333333333334","3","","Ikenai Rouge Magic","1.9314285714285715","6","","ヒビコレ","1867.8","5"
"アノンクララ","841.6666666666666","3","","群青の世界","1.9265970515970516","5","","ワンチャンアリーナ","1866.2","5"
"AMOUR","840.7142857142857","7","","姫事絶対値","1.9243212016175621","5","","リリスリバース","1845.5","4"
"白紙のリブート","840","2","","純真アムレット","1.9179548156956006","5","","あのね、","1845","4"
"FLAPSTAR","838.75","4","","STELLABEATS","1.9164265129682998","3","","symphonic doll","1841.8","5"
"らぺ〜しゅ","836.3333333333334","6","","FES☆TIVE","1.9118745332337566","5","","utatane","1828.6666666666667","3"
"RUN WiTH YOU","835.4","5","","INFIY∞","1.9071257005604483","5","","B▼DPiNK.","1825.5714285714287","7"
"PANIC POP PARTY","814.3333333333334","3","","EVERYTHING IS WONDER","1.9044585987261147","5","","純真アムレット","1819.8","5"
"ЯiＭ:ＭiＲ","813.8","5","","フィロソフィーのダンス","1.8994555887978812","4","","どりーむらいず","1818.3333333333333","3"
"♯ビビデビート♭","811.6","5","","夢想☆プロトコル","1.8958333333333333","3","","あわこい","1815.4","5"
"#BEMYLOVE","811","3","","ポラライト","1.8949579831932772","6","","ジキル☆ハイド","1814.5","4"
"Ikenai Rouge Magic","808.1666666666666","6","","代代代","1.8941605839416058","4","","HULLABALOO","1810","3"
"My Best Friend","807.3333333333334","6","","Teen’sHeaven","1.8933946488294315","3","","ゆるめるモ！","1803","5"
"幻色シアター","806.4","5","","SZWARC","1.8924162257495591","3","","ANDCRAZY BREAK","1791","4"
"虚空のカルミア","802.6","5","","あいたいね！","1.8907435508345978","2","","サンダルテレフォン","1778.25","4"
"きみとぼくの革命","799.3333333333334","3","","スリジエ：月組","1.8849280800500312","6","","10tacion","1772.2","5"
"クレアシオン","794.4","5","","メランコリック少女物語","1.8763440860215055","6","","りンね","1751.75","4"
"Rebellious","793.5","4","","BEATism","1.875","7","","INUWASI","1744.5","6"
"CURTiA","793.2","5","","BEATism ","1.875","7","","アフィシャナドゥ","1729.857142857143","7"
"Magical Magic","788.6","5","","可憐なアイボリー","1.8644278606965174","10","","クレアシオン","1726.8","5"
"侵喰ぴぴぴKLAXON","776.3333333333334","3","","Flunetrage","1.86084142394822","5","","KittyCat","1725.857142857143","7"
"MAD JAMIE","773","5","","acro-A","1.860236220472441","4","","茜空のプラネタリウム","1718","3"
"翡翠キセキ","772.6666666666666","3","","YUP YUP","1.8559670781893005","2","","Sekaisen","1715.4285714285713","7"
"CHEQUEMATE ","760.2","5","","Menkoiガールズ","1.8413747521480501","5","","Cutenka! ","1711.6666666666667","3"
"SZWARC","758.6666666666666","3","","predia","1.8342756183745583","6","","Misty Honeypot","1704","2"
"Poison Palette","750.25","4","","BOY MEETS HARU","1.8260162601626015","3","","絶望のポメラニアン","1687.4","5"
"acro-A","745.75","4","","九州女子翼","1.8189655172413792","4","","UNCOOL PANDA CLUB ","1679","2"
"あのね、","745.75","4","","きゅん♡みっしょん","1.8185584092792046","4","","cosmo☆girls","1656.3333333333333","3"
"ぺろぺろきゃんでぃ","741.6666666666666","3","","ぽけっとファントム","1.8179159049360145","5","","mai mai","1623.8","5"
"OS☆K","737.3636363636364","11","","Little Black Doll","1.8150851581508516","3","","MAKE","1619.8333333333333","6"
"きっと、これが世界？","737","4","","Poison Palette","1.8135245901639345","4","","ミームトーキョー","1594.5","6"
"Xmachina","734.3333333333334","3","","わーすた","1.8075995598529722","5","","NILKLY","1588.75","4"
"BEATism","733.1428571428571","7","","MAKE","1.8","6","","HINAGIKU","1575.6","5"
"BEATism ","733.1428571428571","7","","FaM","1.7972508591065293","3","","SIPP","1573","2"
"Caress Van End","721.875","8","","Lily of the valley","1.7950150789427","5","","有頂天トリガー","1570.8","5"
"ラジカルプロミネンス","718.4","5","","One Next Girls","1.7939698492462313","9","","#PANnana ーパンダの指は実は７本ある。ー","1532.2857142857142","7"
"妄想メリケンサックチョコレート","712.1666666666666","6","","君のエトワール","1.784119106699752","2","","9DayzGlitchClubTokyo","1526.6666666666667","3"
"SK Covers","705.5","4","","Re:INCARNATION","1.775","3","","忍者クライシス","1518","6"
"FinalSelection","704.3333333333334","3","","いちごみるく色に染まりたい。","1.7704741379310345","6","","＆シンフィニティ","1514.8","5"
"しえる♡de♡ね～じゅ","689.8","5","","絶望のポメラニアン","1.7703488372093024","5","","NEO JAPONISM","1510.2","5"
"Re:monet","688.3333333333334","3","","僕らで世界を汚す","1.7645687645687647","3","","CURTiA","1493","5"
"クレイビット","684.6","5","","青薔薇花束","1.7630331753554502","4","","LeirA","1483.2","5"
"ｖmate.- ちぇっくめいと -","681.2","5","","大御神","1.742895805142084","5","","アンシャンテ","1454","2"
"ambush","679.25","4","","lyrical school","1.7422483701701383","5","","ルミララ","1448.3333333333333","3"
"9DayzGlitchClubTokyo","671","3","","夕凪プリズム","1.734732824427481","5","","Little Black Doll","1447.6666666666667","3"
"REBEL REBEL","670.6666666666666","3","","リルネード","1.7337900270830013","3","","GO TO THE BEDS","1436.5","4"
"THAT’s So","670.25","4","","LogiNeoN","1.7224770642201834","3","","unichan","1430.5","4"
"夢彩シンフォニア","669.25","4","","戦乱のEmpress","1.7220447284345048","4","","yumegiwa last girl","1422.1666666666667","6"
"はちみつBLACK","660","5","","紅葉学院","1.7218683651804672","4","","瑠璃色の龍を導きし妖女","1411.6666666666667","3"
"紅葉学院","657.5","4","","激情リフレイン","1.7214723926380369","3","","Pety","1409.5","6"
"Devil Angel","649","2","","Harley Queen","1.7150259067357514","3","","Paranoia","1399.6666666666667","3"
"バグMEME","648.2","5","","UPローチ","1.7075405214940098","5","","Flunetrage","1396.6","5"
"まッ","638.6666666666666","3","","幻想ばっどえんど","1.7009345794392523","2","","ふるふるしっぽ？","1376.6","5"
"LiNCLE","637","3","","＋Aid 6mg","1.6938775510204083","4","","ピコピコ☆レボリューション","1343","6"
"SPECIAL CHEESE MENU","637","3","","HULLABALOO","1.6827133479212253","3","","Ikenai Rouge Magic","1322","6"
"OVERFLOW","630","2","","ちょめちょめ！！","1.6816143497757847","3","","EVERYTHING IS WONDER","1317.4","5"
"Re:INCARNATION","630","3","","美味しい曖昧","1.6750629722921915","5","","HEARTBEATS","1295.5","2"
"傾奇隊","629.75","4","","Re:monet","1.675044883303411","3","","WAgg","1288.6","5"
"日曜日のアプレミディ","628","5","","Kolokol","1.6533527696793002","4","","Poison Palette","1255.75","4"
"青山Rabness","626.6","5","","大阪☆春夏秋冬","1.649418822647169","5","","Starly☆","1250.4","5"
"∞PEACE","620.6666666666666","3","","メルクマールメルマール","1.6418786692759295","7","","あえるかな？","1242.5","2"
"あっしゅない！","616.8333333333334","6","","KOMACHI＋","1.6417910447761195","4","","高貴な絶対零度","1242.142857142857","7"
"HULLABALOO","615.6666666666666","3","","HelloYouth","1.641695416461311","6","","ふるぱれーど","1218.2","5"
"#ZZZ","612.5","2","","MERRY CUTE","1.6391304347826088","2","","妄想メリケンサックチョコレート","1184.8333333333333","6"
"ハジマリノオト","610","2","","81moment","1.6308002689979826","4","","脳内パステル","1182.8333333333333","6"
"I＊BIS","607","2","","真説・真赤金伝説","1.617992766726944","2","","リトルネコ","1161","4"
"Charge24","606","4","","CUPIDOLIC","1.610571736785329","3","","SK Covers","1157.75","4"
"ポラライト","602.1666666666666","6","","あいまいどーる","1.6063348416289593","3","","キミイロプロジェクト","1151.875","8"
"LeirA","599.8","5","","KiMiNiAiTAi","1.6062176165803108","5","","elseed","1150.8","5"
"僕らで世界を汚す","597.3333333333334","3","","SIPP","1.5923852183650615","2","","ColorfliC","1101","6"
"PARA","589.3333333333334","3","","始発待ちアンダーグラウンド","1.580364212193191","3","","SZWARC","1099.3333333333333","3"
"晴天の霹靂","587.75","4","","WT☆Egret","1.5750577367205543","3","","ハートの心電図","1090.5","4"
"Little Black Doll","587.3333333333334","3","","ぜろから☆すた→と","1.5716417910447762","3","","BABY-CRAYON〜1361〜","1075.4","5"
"1Eyeline","585.6","5","","ソラネルカンパニー","1.5678203928905519","6","","Re ;ORSA","1064.3333333333333","3"
"蔦ノ音","581.75","4","","お願い!!フルハウス","1.556786703601108","5","","殲滅のディストピア","1055.6666666666667","3"
"プリンセス物語","578.7272727272727","11","","Lil na Valley","1.556398104265403","4","","刹那的アナスタシア","1022.8","5"
"幻想ばっどえんど","578","2","","Zenith Code","1.5516304347826086","2","","MAJESTIC MATES","1008.75","4"
"VACATION'S","577.6","5","","YUENI","1.5512367491166077","3","","fishbowl","1005","6"
"NELN","573.3333333333334","3","","幻色シアター","1.549689440993789","5","","ENCHANTE","1001.5","6"
"有頂天トリガー","566","5","","DearCOLOR","1.5441176470588236","3","","ポスタルジア","999.75","4"
"三日月スナイパー","563.25","4","","Yamakatsu","1.5362372567191844","4","","RURUDiA","999.6666666666666","3"
"10tacion","562.8","5","","空想世界","1.534412955465587","3","","PRSMIN","976.2","5"
"なにわキャッツ","558","6","","COLORLESS","1.5324082206218164","5","","STAiNY","974","7"
"SUPER REPLiCA","556.6","5","","NANONI","1.5272496831432192","6","","はちみつBLACK","969.2","5"
"とどけスコープ","555.25","4","","エレファンク庭","1.5255905511811023","4","","New ruru","954.5","2"
"Ω僕たちまたなにかやっちゃいました？Ω","548.5","4","","スリジエWEST：天組","1.521377101681345","4","","みみくりちゃん","952.875","8"
"LogiNeoN","546.6666666666666","3","","せのしすたぁ","1.5209232813018931","2","","風男塾","926","6"
"FuMA","546","3","","モノクロテレビジョン","1.519047619047619","6","","可憐なアイボリー","906.5","10"
"MiSTY MORE","544","4","","百鬼乙女","1.5046796256299495","4","","あっしゅない！","892.1666666666666","6"
"モノクロテレビジョン","536.8333333333334","6","","おちゃメンタル☆パーティー","1.498416050686378","6","","BooN! BooN! BooooN","890.875","8"
"メランコリック少女物語","525","6","","PANIC POP PARTY","1.497816593886463","3","","Clair Palette","887.5","2"
"殲滅のディストピア","524.3333333333334","3","","二代目 不感症ヘビ苺","1.497229916897507","3","","KiMiNiAiTAi","868.6","5"
"高貴な絶対零度","515","7","","モイメメ。","1.4922918807810894","5","","#フラサービックル","844.2857142857143","7"
"utatane","510","3","","LAPINAILE","1.4885630498533724","2","","すーぱープーばぁー!!","843.1428571428571","7"
"UNCOOL PANDA CLUB ","505.5","2","","少女模型","1.4654088050314464","2","","acro-A","830.5","4"
"THE+BETH","497.25","4","","LYSM","1.4640522875816993","5","","MiSTY MORE","827.75","4"
"SUMMER ROCKET","483.8","5","","feelNEO","1.455470737913486","5","","ぺろぺろきゃんでぃ","827.3333333333334","3"
"Girls Upright","482.6","5","","未完成リップスパークル","1.4474982381959127","6","","蔦ノ音","817.5","4"
"あえるかな？","476.5","2","","THE+BETH","1.446650124069479","4","","Aqueur","804","4"
"More than wordz","475.5","6","","傾奇隊","1.439770554493308","4","","欲バリセンセーション","787","4"
"Zenith Code","469.5","2","","ちゅーちゅーりっぷ","1.43611911623439","3","","ぼくはまだしなない","777","5"
"ふるふるしっぽ？","466.2","5","","com","1.4291845493562232","3","","ONE BREATH","775.2","5"
"BLUU","459.8","5","","きみぷり","1.4280155642023347","2","","iSPY","766.8333333333334","6"
"HEARTBEATS","452","2","","fishbowl","1.4231041814316088","6","","On the treat Super Season","752.5","6"
"瑠璃色の龍を導きし妖女","446.6666666666667","3","","はちみつBLACK","1.4029574861367837","5","","SPECIAL CHEESE MENU","749.3333333333334","3"
"1682 -いろはに-","446","2","","未明の音楽室","1.4010695187165776","3","","STELLABEATS","740.6666666666666","3"
"忍者クライシス","442.8333333333333","6","","Charge24","1.3623188405797102","4","","ポラライト","734.6666666666666","6"
"EVERYTHING IS WONDER","437","5","","侵喰ぴぴぴKLAXON","1.3590504451038576","3","","THE+BETH","733","4"
"#がらぽん","433","3","","GRATIA-ALA","1.3570712136409229","3","","Palette Parade","721.5","6"
"Seloi","430.5","4","","Akrasiel","1.3523809523809525","2","","ぶらいと☆すとーりー","717","4"
"IDOL★ST∀R MINE","416.8","5","","LiLii Kaona","1.3488576449912126","2","","YUP YUP","716.5","2"
"ギュギュっとねっ！？","408","3","","のらりくらり","1.3387622149837133","4","","airlview","711","3"
"ジキル☆ハイド","392","4","","Devil Angel","1.3261648745519714","2","","傾奇隊","684.75","4"
"Flunetrage","388.4","5","","殲滅のディストピア","1.3259911894273129","3","","LYSM","679.2","5"
"GemstoneDream","384","3","","100-YOKAI","1.3230593607305936","5","","再生のレべリズム ","647","3"
"アイコノクラズム","382.5","2","","I＊BIS","1.321223709369025","2","","再生のレベリズム","647","3"
"透明写真","380.5","2","","REBEL REBEL","1.3176470588235294","3","","Cent Heaven","642.5","6"
"BooN! BooN! BooooN","377.5","8","","TOKYO SONIC BOOM","1.312785388127854","4","","MADMAO","623.4","5"
"PLC","375.5","6","","アノンクララ","1.3125","3","","TOKYO SONIC BOOM","612.25","4"
"LYSM","373.6","5","","nuance","1.3099415204678362","4","","MEWM","606.1666666666666","6"
"Akrasiel","370.5","2","","アメフラっシ","1.2993311036789297","3","","FLAPSTAR","601.5","4"
"Spindle","360","3","","悩殺❤︎アフタービート","1.2927120669056154","3","","ヱンデ","575","4"
"cosmo☆girls","354.6666666666667","3","","Re ;ORSA","1.289655172413793","3","","ぜろから☆すた→と","567","3"
"CHICKEN BLOW THE IDOL","354.25","4","","ぺろぺろきゃんでぃ","1.258160237388724","3","","situasion","553.1666666666666","6"
"MAKE","348.8333333333333","6","","SAKA-SAMA","1.25208807896735","2","","ビビッと！バビディブ～","539.4","5"
"YUP YUP","347","2","","きみとぼくの革命","1.244956772334294","3","","feelNEO","526.8","5"
"もうめり","340","5","","unichan","1.2430213464696223","4","","Seloi","522.5","4"
"ワガママきいて？？","334.7142857142857","7","","EMPiRE","1.242431263515601","6","","Elber","493","4"
"airlview","316.3333333333333","3","","∞PEACE","1.2237762237762237","3","","夢彩シンフォニア","471.5","4"
"ENCHANTE","311.3333333333333","6","","きのホ。","1.217142857142857","6","","FuMA","441.6666666666667","3"
"うさりんくりぃむ","310.8","5","","i-COL","1.2093532338308457","2","","MAD JAMIE","420.2","5"
"リトルネコ","307.5","4","","TEN6","1.2070211667527104","2","","ラジスト","412.4","5"
"MERRY CUTE","303.5","2","","開歌-かいか-","1.2009764035801465","4","","Akrasiel","401.5","2"
"ちょめちょめ！！","299","3","","翡翠キセキ","1.198581560283688","3","","シナモンしゅがー","392.25","4"
"華シグレ","286","4","","ElfinLily","1.1963562753036436","3","","＋Aid 6mg","380.75","4"
"Misty Honeypot","284","2","","アイシェリング","1.194034090909091","2","","かすみ草とステラ","376.6666666666667","6"
"Pety","281.3333333333333","6","","Chase×Chase","1.191470054446461","2","","華シグレ","367.25","4"
"Harley Queen","280.6666666666667","3","","Fiore","1.1839250493096647","3","","Harley Queen","361.6666666666667","3"
"青薔薇花束","278.25","4","","Aqueur","1.1805555555555556","4","","may in film","355","4"
"One Next Girls","266.55555555555554","9","","ハジマリノオト","1.1785714285714286","2","","センチメルト","353.3333333333333","3"
"symphonic doll","240.2","5","","I to U $CREAMing!!","1.1735015772870663","2","","Ω僕たちまたなにかやっちゃいました？Ω","353","4"
"Aqueur","233.5","4","","アンシャンテ","1.1731160896130346","2","","ワガママきいて？？","352.57142857142856","7"
"みみくりちゃん","233.125","8","","CYNHN","1.1605802901450726","4","","アメフラっシ","347","3"
"ぶらいと☆すとーりー","233","4","","FlowFlow","1.1379962192816635","3","","OS☆K","325.72727272727275","11"
"RURUDiA","232.33333333333334","3","","まなみのりさ","1.1211101766190075","3","","GemstoneDream","306","3"
"KiMiNiAiTAi","230","5","","茜空のプラネタリウム","1.1167076167076166","3","","Quubi","297.5","4"
"白夜のカフカ","209","3","","BiS","1.115617988986335","4","","お願い!!フルハウス","294","5"
"どりーむらいず","206.33333333333334","3","","1682 -いろはに-","1.1087470449172576","2","","ASP","212.8","5"
"シナモンしゅがー","191.5","4","","スリジエWEST：雲組","1.0976141611082606","2","","えンカレっ！","203","4"
"pageONE","191","4","","THE ORGANICS","1.0895953757225434","2","","透明写真","173.5","2"
"Clair Palette","174.5","2","","OVERFLOW","1.0826446280991735","2","","幻想ばっどえんど","173","2"
"えンカレっ！","174","4","","透明写真","1.0456989247311828","2","","pageONE","158","4"
"Re ;ORSA","172.66666666666666","3","","UNCOOL PANDA CLUB ","1.0383064516129032","2","","青薔薇花束","137.75","4"
"センチメルト","132","3","","NELN","1.0123022847100176","3","","DearCOLOR","133.66666666666666","3"
"DearCOLOR","83.33333333333333","3","","twinpale","1.0060251925837562","2","","NELN","104","3"
"＋Aid 6mg","72.75","4","","Clair Palette","1.0057471264367817","2","","夢想☆プロトコル","93","3"
"夢想☆プロトコル","70.33333333333333","3","","HEARTBEATS","1.0044345898004434","2","","白夜のカフカ","7.333333333333333","3"
"","","0","","","","0","","","","0"
